QTR,SCORE DIFF. (O),SITUATION (O),DRIVE #,DRIVE PLAY #,1ST DN #,DN,DIST,D&D,YARD LN,Field Zone,HASH,OFF TEAM,PERS,OFF FORM,BACKF SET,MOTION,PROTECTION,OFF PLAY,PLAY CATEGORY,RESULT,PLAY TYPE,PRE-SNAP READ,POST-SNAP READ,ZONE THROWN,GN/LS,DEF TEAM,DEF PERSONNEL,DEF FRONT,STUNT,BLITZ,NBR,COVERAGE,DEF ADJ
3,-38,OPENERS 2ND,9,2,0,2,7,2&7+,-15,Backed Up (-1 to -19),L,CONU,15,32,GW,1W ZIPPER,60 SOLID,"FLORIDA TRADE, TWIX",DROPBACK,Incomplete,Pass,,,DEEP 1/3 ST,0,LVL,30,BANDIT,,,4,MATCH,
1,-3,,2,2,0,2,2,2&2-,-18,Backed Up (-1 to -19),L,CONU,15,41,G0,4S BEND,,IZ BEND ST OPT SEATTLE,RPO,,Run,BUBBLE SCREEN ST (#),,,-2,SHER,NICKEL 30,EVEN,,,4,35 DC,
4,-6,,11,2,0,2,4,2&3-6,-17,Backed Up (-1 to -19),L,CONU,15,32,G0,3S BEND,,IZ BEND ST OPT OHIO GO,RPO,Complete,Pass,,,FLAT WK,8,UDM,40,TRIO,2 CHASE,,5M,10,
3,-38,OPENERS 2ND,9,1,0,0,10,0&10,-12,Backed Up (-1 to -19),R,CONU,15,41,G0,4S REACH,,IZ ST OPT BUBBLE SCREEN WK,RPO,Rush,Run,SEATTLE WK (#),,,3,LVL,30,BANDIT,,,3,36,
1,0,OPENERS 1ST,1,2,0,2,5,2&3-6,-16,Backed Up (-1 to -19),R,CONU,15,32,G0,3S BEND,PA 60 SOLID,"IZ LOCK ST PA JONES, APACHE",PA POCKET,Incomplete,Pass,,,CURL WK,0,SHER,40,BANDIT JET,,,3,36 DC,
1,-9,,5,2,0,2,6,2&3-6,-14,Backed Up (-1 to -19),R,CONU,15,32,G0,,60 SLIDE STR,"FLORIDA TRADE, JONES",QUICK,Scramble,Pass,,,,9,MCGILL,30,BANDIT,,WAFFLE,5M,COMBO,
3,-28,,11,1,0,0,10,0&10,-35,Coming Out (-20 to -39),L,CONU,15,32,G0,1W ZIP,60 SLIDE STR,"AUBURN, PLUNGE",DROPBACK,Complete,Pass,,,HOOK WK,0,LVL,40,WEAK,,,5W,34,
1,0,OPENERS 1ST,1,1,0,0,10,0&10,-19,Backed Up (-1 to -19),R,CONU,15,32,GW,,60 SOLID,JONES,DROPBACK,Incomplete,Pass,,,POST,0,MCGILL,40,JOKER,,,4,ROTATE SWITCH,
4,-2,2 MIN,13,1,0,0,10,0&10,-18,Backed Up (-1 to -19),M,CONU,15,23,GS,,60 SOLID,"AUBURN, OKLAHOMA",DROPBACK,Scramble,Pass,,,,10,UDM,40,BANDIT,,SAW,5S,43,
1,0,OPENERS 1ST,1,1,0,0,10,0&10,-16,Backed Up (-1 to -19),R,CONU,15,32,G0,3S BLAST,,IZ LOCK ST BLAST,RUN,Rush,Run,,,,15,LVL,30,BANDIT,,,5S,0,
2,-19,,5,1,0,0,10,0&10,-16,Backed Up (-1 to -19),R,CONU,15,32,GW,"T SCAT ST, 2W BOMBER",60 BOMBER SOLID,JONES-NASCAR SUB,DROPBACK,Complete,Pass,,,POST,19,LVL,40,WEAK,,,4,35 SC,
1,-3,,3,1,0,0,10,0&10,-16,Backed Up (-1 to -19),R,CONU,15,32,G0,,,IZ ST READ OHIO-GO,RPO,,Run,,,,4,SHER,NICKEL 30,STETSON,,"J B+, JET",5W,34,
4,-19,,18,1,0,0,10,0&10,-15,Backed Up (-1 to -19),R,CONU,15,32,G0,,60 SOLID,"SILVA, JONES",DROPBACK,Incomplete,Pass,,,DEEP 1/3 WK,0,MCGILL,40,OUT,RAT/QK,,4,HALO,
1,0,OPENERS 1ST,1,1,0,0,10,0&10,-15,Backed Up (-1 to -19),R,CONU,15,32,G0,2W LEAD,,IZ LOCK ST BLAST OPT SEATTLE,RPO,Complete,Pass,HOTEL ST (# & LEVERAGE),,CURL ST,15,LVL,40,STRONG,,JET,5S,43,
2,-28,2 MIN,8,1,0,0,10,0&10,-15,Backed Up (-1 to -19),R,CONU,15,32,G0,2W REACH,PA 70,"RACE R-HOTEL, Z-POST",PA POCKET,Incomplete,Pass,,,SEAM WK,0,LVL,30,BANDIT,,,3,36,
3,-25,,10,2,0,2,6,2&3-6,-30,Coming Out (-20 to -39),R,CONU,15,32,G0,,60 SLIDE STR,"FLORIDA TRADE, JONES",DROPBACK,Incomplete,Pass,,,CURL ST,11,LVL,40,COWBOY,,,6,10,
2,-21,,6,1,0,0,10,0&10,-14,Backed Up (-1 to -19),R,CONU,15,23,GS,1W ZIPPER,60 SOLID,"COD TRADE, FLORIDA",DROPBACK,Incomplete,Pass,,,DEEP 1/3 WK,0,LVL,40,STRONG,,,4,MATCH,
1,-7,,3,2,1,1,10,1&10,-19,Backed Up (-1 to -19),L,CONU,15,32,G0,2W BEND,,IZ BEND WK,RUN,Rush,Run,"HOSS ST (EDGE CONTROL, LEVERAGE), SEATTLE WK (LEVERAGE)",,,11,UDM,40,EVEN,,,4,44,
2,3,,7,1,0,0,10,0&10,-13,Backed Up (-1 to -19),R,CONU,15,23,G0,,60 SOLID,"HOTEL, SILVA",DROPBACK,Complete,Pass,,,DEEP 1/3 WK,49,SHER,NICKEL 40,STETSON,,,5W,10,
3,-25,,10,1,0,0,10,0&10,-26,Coming Out (-20 to -39),R,CONU,15,32,G0,1W ZIPPER,,IZ ST READ JONES,RPO,,Run,,,,0,LVL,40,WEAK,,,4,"STUBBIE, BRACKET",
4,-6,,11,1,0,0,10,0&10,-11,Backed Up (-1 to -19),L,CONU,15,32,G0,2W LEAD,,IZ LOCK ST BLAST OPT SEATTLE,RPO,Rush,Run,,,,6,UDM,40,EVEN,"RN, QT",,4,43,
1,0,OPENERS 1ST,1,1,0,0,10,0&10,-11,Backed Up (-1 to -19),L,CONU,15,41 WIDE BUNCH ST,G0,,,IZ LOCK ST OPT SEATTLE,RPO,Complete,Pass,BUBBLE SCREEN ST (#),,SWING ST,10,SHER,40,DEEP TRIO,,SAW,5S,34,
2,-4,2 MIN,6,1,0,0,10,0&10,-10,Backed Up (-1 to -19),L,CONU,15,32,G0,2W REACH,,IZ ST SEATTLE,RPO,Incomplete,Pass,,,CURL WK,0,UDM,40,STETSON,,,5S,43,
4,-7,2 MIN,12,1,0,0,10,0&10,-10,Backed Up (-1 to -19),R,CONU,15,32,G0,,60 SOLID,"Z-VIRGINIA, JONES",DROPBACK,Complete,Pass,,,FLAT WK,11,UDM,40,EVEN,"NQ, TAR",,4,44,
1,-9,,5,1,0,0,10,0&10,-10,Backed Up (-1 to -19),R,CONU,15,32,G0,,,IZ ST READ JONES,RPO,,Run,HOTEL ST (# & LEVERAGE),,,4,MCGILL,40,IN,WEAK BANG,,4,DEUCES,
4,-15,,15,1,0,0,10,0&10,-10,Backed Up (-1 to -19),L,CONU,15,32,G0,,60 SLIDE STR,"SILVA, HOTEL",DROPBACK,Complete,Pass,,,DEEP 1/3 ST,31,MCGILL,40,CB DEEP,RUN/ATTACK,,5M,BLACK,
1,-3,,2,1,0,0,10,0&10,-10,Backed Up (-1 to -19),L,CONU,15,41,G0,,,IZ LOCK ST OPT SEATTLE,RPO,,Run,BUBBLE SCREEN ST (#),,,7,SHER,NICKEL 30,STETSON,,J B+,4,35 WC,
3,-28,,11,2,0,2,10,2&7+,-35,Coming Out (-20 to -39),L,CONU,15,32,GW,,50 SOLID,CHOPPER,DROPBACK,Complete,Pass,,,HOOK WK,0,LVL,NICKEL 40,STETSON MUG,"CHILI, CHASE STR",,5M,34 SC,
4,-6,,12,1,0,0,10,0&10,-7,Backed Up (-1 to -19),L,CONU,15,32 WIDE BUNCH ST,G0,2W REACH,,IZ ST OPT SEATTLE,RPO,Complete,Pass,SPACING,,CURL WK,12,UDM,40,TRIO,,,4,2 MAN,
1,-5,,3,1,0,0,10,0&10,-7,Backed Up (-1 to -19),L,CONU,15,32,G0,,PA 60,"HOTEL PUMP, JONES",PA POCKET,Incomplete,Pass,,,SEAM ST,0,LVL,40,STRONG,,JET,5W,34,
2,-18,,9,1,0,0,10,0&10,-5,Backed Up (-1 to -19),L,CONU,15,32 WIDE BUNCH ST,G0,,60 SLIDE STR,JONES TWEAK,DROPBACK,Complete,Pass,,,FLAT WK,15,MCGILL,40,RS DEEP,RUN/KNIFE,,5M,BLACK,
1,-7,,3,1,0,0,10,0&10,-4,Backed Up (-1 to -19),L,CONU,15,32,G0,2W LEAD,,IZ LOCK ST BLAST OPT SEATTLE,RPO,Complete,Pass,"HOSS ST (EDGE CONTROL, LEVERAGE)",,CURL WK,12,UDM,40,STETSON,STRIP,,5M,43,
2,-21,,7,1,0,0,10,0&10,-4,Backed Up (-1 to -19),L,CONU,15,41,G0,4S BEND,,IZ BEND ST OPT SEATTLE,RPO,Rush,Run,"HITCH SCREEN ST (#),",,,11,LVL,40,STRONG,"ATTACK, KNIFE",,4,35,
3,-28,,11,3,1,1,10,1&10,-48,Open Field (-40 to 40),L,CONU,15,32,G0,,,IZ ST READ JONES,RPO,Incomplete,Pass,,,FLAT WK,3,LVL,40,WEAK,,,4,35,
1,-10,,4,1,0,0,10,0&10,-1,Backed Up (-1 to -19),L,CONU,15,32,G0,2W REACH,,IZ ST OPT SEATTLE,RPO,Rush,Run,,,,0,LVL,40,WEAK,,,4,35,
3,-28,,11,6,2,2,7,2&7+,52,Open Field (-40 to 40),L,CONU,15,32,GW,,60 SOLID,"INS, SAIL",DROPBACK,Complete,Pass,,,FLAT WK,0,LVL,NICKEL 30,STETSON MUG,"TAR, WHACK",,5M,10,
2,-21,,7,2,1,1,10,1&10,-15,Backed Up (-1 to -19),L,CONU,15,41,GS,,60 SOLID,"FLORIDA TRADE, RACE",DROPBACK,Incomplete,Pass,,,DEEP 1/3 ST,0,LVL,40,STRONG,PIRATE,,4,MATCH,
1,0,OPENERS 1ST,1,2,0,2,10,2&7+,-19,Backed Up (-1 to -19),R,CONU,15,41 TO 32,GW,,60 SOLID,"JONES, RACE",DROPBACK,Incomplete,Pass,,,DEEP 1/3 WK,0,MCGILL,40,JOKER,TAR MIX,,6,BLACK PEEL,
2,-21,,7,3,1,2,10,2&7+,-15,Backed Up (-1 to -19),L,CONU,15,42,EMPTY,,50 SOLID,"AUBURN R-VIRGINIA, JONES",DROPBACK,Complete,Pass,,,CURL ST,15,LVL,NICKEL 40,OUT,,,4,MATCH,
2,-28,2 MIN,8,2,0,2,10,2&7+,-15,Backed Up (-1 to -19),R,CONU,15,41,GS,,60 SOLID,"SQUIRE Z-HOTEL, RACE",DROPBACK,Penalty,Pass,,,POST,0,LVL,NICKEL 30,STETSON JET,,,4,MATCH,
2,-21,,6,2,0,2,10,2&7+,-14,Backed Up (-1 to -19),R,CONU,15,32,GW,,60 SOLID,"Y DRIVE, SAIL",DROPBACK,Complete,Pass,,,SWING WK,7,LVL,NICKEL 30,STETSON JET,,,5S,34,
2,-4,2 MIN,6,2,0,2,10,2&7+,-10,Backed Up (-1 to -19),L,CONU,15,32,G0,,60 SOLID,"Z-VIRGINIA, AUBURN",DROPBACK,Sack,Pass,,,,-5,UDM,40,EVEN,"NQ, TAR",,4,44 DC,
1,-5,,3,2,0,2,10,2&7+,-7,Backed Up (-1 to -19),L,CONU,15,32,GS,,60 SLIDE WK,"NASCAR, JONES",DROPBACK,Incomplete,Pass,,,FLAT ST,0,LVL,NICKEL 30,STETSON JET,,,3,45,
1,-10,,4,2,0,2,10,2&7+,-1,Backed Up (-1 to -19),L,CONU,15,32,G0,3S BEND,PA 60,IZ BEND ST PA AUBURN APACHE,PA POCKET,Incomplete,Pass,,,HOOK WK,0,LVL,NICKEL 30,STETSON MUG,,,3,36 DC,
2,-4,,5,2,0,2,12,2&7+,-19,Backed Up (-1 to -19),R,CONU,15,32,G0,,60 SOLID,CHOPPER,DROPBACK,Sack,Pass,,,,0,UDM,40,EVEN,"NQ, TAR",,4,44 DC,
3,-28,,11,4,1,2,10,2&7+,-48,Open Field (-40 to 40),L,CONU,15,32,G0,,60 SOLID,"Y DRIVE, APACHE",DROPBACK,Sack,Pass,,,,11,LVL,NICKEL 30,STETSON MUG,,,5S,34,
1,-9,,5,4,1,1,20,1&11+,-13,Backed Up (-1 to -19),R,CONU,15,32,G0,,,DRAW G LEAD WK,SCREEN/DRAW,,Run,,,,-1,MCGILL,30,BANDIT,,JET/HAM,5S,HOLD,
1,-9,,5,5,1,2,21,2&7+,-12,Backed Up (-1 to -19),R,CONU,15,41,G0,1S ZIPPER,60 SOLID,"AUBURN Z-FLAT Y-DIG, RACE",DROPBACK,Incomplete,Pass,,,FLAT ST,0,MCGILL,30,BANDIT,,,3,HALO,
4,-9,,11,2,0,2,1,2&2-,-36,Coming Out (-20 to -39),R,CONU,15,23,G0,3W 2W BEND,,IZ BEND WK READ FLAT SCREEN,RPO,Rush,Run,,,,3,UDM,40,EVEN,SMACK,,5M,10,
1,-7,,2,2,0,2,1,2&2-,-31,Coming Out (-20 to -39),R,CONU,42,32 DT DW +SING,0,T EDGE WK,,WEDGE WK,RUN,Rush,Run,,,,0,LVL,40,IN JET,,,5S,0,
3,-25,OPENERS 2ND,9,2,0,2,10,2&7+,44,Open Field (-40 to 40),R,CONU,15,32,G0,"FREEZE, 1W ZIPPER",60 SOLID,"AUBURN, SCISSOR",DROPBACK,Incomplete,Pass,,,POST,0,LVL,NICKEL 30,STETSON MUG,TACO,,4,10 BRACKET WK,
3,-28,,11,7,3,1,10,1&10,41,Open Field (-40 to 40),L,CONU,15,41 WIDE BUNCH ST,G0,,60 SOLID,"SWING SCREEN ST, RACE",DROPBACK,Complete,Pass,,,DEEP 1/3 WK,-5,LVL,30,BANDIT,,MOB,5M,10,
3,-25,OPENERS 2ND,9,1,0,0,10,0&10,44,Open Field (-40 to 40),R,CONU,15,32,G0,,60 SOLID,"AUBURN, MIAMI PUMP",DROPBACK,Incomplete,Pass,,,DEEP 1/3 WK,14,LVL,40,WEAK,,,4,MATCH,
1,0,,3,2,0,2,2,2&2-,-28,Coming Out (-20 to -39),R,CONU,15,32,G0,"3S YOYO, 2W BEND",70 SLIDE WK,"IZ BEND WK TRACK FLAT SCREEN, SEATTLE",RPO,Complete,Pass,,,CURL WK,8,UDM,40,TRIO,DBL CHASE,,5M,10,
2,-28,2 MIN,8,5,1,3,1,3&2-,-39,Coming Out (-20 to -39),M,CONU,15,41,G0,4S BEND,,IZ BEND ST OPT SEATTLE,RPO,Rush,Run,,,,1,LVL,NICKEL 30,STETSON,,,5M,10,
1,0,OPENERS 1ST,1,2,0,2,3,2&3-6,-34,Coming Out (-20 to -39),R,CONU,15,23,G0,2W 3W BEND,,IZ BEND WK TRACK FLAT SCREEN,RPO,Rush,Run,,,,0,UDM,40,TRIO,MIX,,5M,10,
4,-6,,10,2,0,2,3,2&3-6,-27,Coming Out (-20 to -39),L,CONU,15,41,G0,,,IZ ST LOCK OPT SEATTLE,RPO,Penalty,Pass,BUBBLE SCREEN ST (#),,CURL WK,10,SHER,NICKEL 30,STETSON,DBL CHASE,,5M,,10
2,-3,2 MIN,10,2,0,2,4,2&3-6,-30,Coming Out (-20 to -39),L,CONU,15,32,GW,,60 SOLID,"HOTEL, HOSS",QUICK,Complete,Pass,,,FLAT WK,5,MCGILL,30,BANDIT,,,3,TOONIE,
4,-15,2 MIN,16,2,0,2,4,2&3-6,-26,Coming Out (-20 to -39),L,CONU,15,32,G0,,60,IZ LOCK ST OPT HOTEL,RPO,Complete,Pass,HOTEL ST (# & LEVERAGE),FTF,CURL WK,5,MCGILL,40,EVEN,,MOW,6,BLACK PEEL,
3,-28,,11,5,2,1,10,1&10,55,Open Field (-40 to 40),L,CONU,15,32,G0,,,IZ ST READ HITCH SCREEN WK,RPO,,Run,HOTEL ST (#),,,20,LVL,40,STRONG,,,4,11,
3,-18,,13,2,0,2,5,2&3-6,-19,Backed Up (-1 to -19),R,CONU,15,32,G0,,60 SOLID,"Y DRIVE, SAIL",DROPBACK,Complete,Pass,,,SWING WK,7,MCGILL,40,OUT,RAT/QK,,4,GREEN CUTTER,
1,-7,,2,1,0,0,10,0&10,-36,Coming Out (-20 to -39),R,CONU,15,32,G0,3S BEND,,COUNTER BEND WK,RUN,,Run,,,,4,MCGILL,40,GAP,SCREAM,,4,SNIFF,
4,-2,2 MIN,13,3,1,2,5,2&3-6,-33,Coming Out (-20 to -39),R,CONU,15,32,GW,,60 SOLID,"Y DRIVE, JONES",DROPBACK,Complete,Pass,,,CURL ST,15,UDM,40,BANDIT,,,4,44 DC,
2,10,,6,1,0,0,10,0&10,-36,Coming Out (-20 to -39),R,CONU,15,32 TO 41,G0,,,OZ WK,RUN,Rush,Run,BUBBLE SCREEN ST (#),,,1,SHER,40,DEEP TRIO,,SAW,5S,34,
2,-18,,9,3,1,2,5,2&3-6,-25,Coming Out (-20 to -39),L,CONU,15,32,G0,1W ZIPPER,60 SLIDE STR,"FLORIDA, TWIX",QUICK,Penalty,Pass,,,,-5,MCGILL,30,BANDIT,,,3,YELLOW SWITCH,
1,-7,,2,1,0,0,10,0&10,-36,Coming Out (-20 to -39),R,CONU,15,32,G0,3S BEND,,IZ LOCK ST OPT HITCH SCREEN WK,RPO,Incomplete,Pass,SEATTLE ST (LEVERAGE),,FLAT ST,0,MCGILL,40,GAP SWITCH,,,4,ROCKSTAR,
4,-7,,12,1,0,0,10,0&10,-35,Coming Out (-20 to -39),R,CONU,15,32,G0,,,IZ LOCK ST OPT ESSO,RPO,Rush,Run,,,,3,UDM,40,EVEN,"NQ, RAT",,4,44,
1,-10,,3,1,0,0,10,0&10,-35,Coming Out (-20 to -39),R,CONU,15,41,G0,,,OZ WK,RUN,,Run,BUBBLE SCREEN ST (#),,,3,MCGILL,30,BANDIT,,SMURF,5S,ORANGE,
2,-21,2 MIN,10,1,0,0,10,0&10,-35,Coming Out (-20 to -39),L,CONU,15,32,G0,,60 SOLID,"Y DRIVE, JONES",DROPBACK,Complete,Pass,,,FLAT WK,-10,MCGILL,30,BANDIT,,,3,TEFFLON FLY,
4,-16,2 MIN,17,1,0,0,10,0&10,-35,Coming Out (-20 to -39),R,CONU,15,32 WIDE BUNCH ST,G0,2S ZOOM,60 SOLID,"CHOPPER, JONES",DROPBACK,"Sack, Fumble",Pass,,,,-20,MCGILL,40,IN,A,,4,HALO,
1,-7,,3,1,0,0,10,0&10,-35,Coming Out (-20 to -39),R,CONU,15,32,G0,2W BEND,,IZ BEND WK,RUN,Rush,Run,BUBBLE SCREEN ST (#),,,9,LVL,30,BANDIT,,,4,11,
4,-9,,11,3,1,1,10,1&10,-39,Coming Out (-20 to -39),R,CONU,15,32,G0,,PA 60,"RACE R-HOTEL, AUBURN TRADE",PA POCKET,Complete,Pass,,,HOOK ST,60,UDM,40,EVEN,,,4,44,
2,-17,,6,1,0,0,10,0&10,-35,Coming Out (-20 to -39),R,CONU,15,32,G0,,,IZ LOCK ST OPT HOTEL,RPO,Incomplete,Pass,,,CURL WK,0,LVL,30,BANDIT,,,5W,10,
2,-18,,7,1,0,0,10,0&10,-35,Coming Out (-20 to -39),R,CONU,15,32,G0,1W ZIP,,IZ ST READ FLORIDA,RPO,Incomplete,Pass,,,FLAT WK,0,LVL,30,BANDIT,,SAW,6,0,
3,-18,,13,1,0,0,10,0&10,-14,Backed Up (-1 to -19),R,CONU,15,32,G0,,,IZ LOCK ST OPT HOTEL,RPO,Complete,Pass,,,CURL WK,5,MCGILL,40,IN,A,,4,GREEN CUTTER,
1,-3,,2,1,0,0,10,0&10,-35,Coming Out (-20 to -39),L,CONU,15,23,G0,,,IZ LOCK WK OPT ZOOM,RPO,Rush,Run,,,,11,SHER,40,STETSON,,,5M,35 DC,
2,0,2 MIN,8,1,0,0,10,0&10,-35,Coming Out (-20 to -39),R,CONU,15,32,G0,,,DRAW WK,SCREEN/DRAW,Rush,Run,,,,11,SHER,40,STETSON JET,,,3,36 DC,
4,5,,14,1,0,0,10,0&10,-35,Coming Out (-20 to -39),R,CONU,15,23,G0,,PA 60,"AUBURN, JONES R-UNDER",PA POCKET,Incomplete,Pass,,,CURL ST,0,SHER,NICKEL 40,IN,,,4,35,
4,5,,15,1,0,0,10,0&10,-35,Coming Out (-20 to -39),R,CONU,15,32,G0,3S JET,,JET SWEEP WK,RUN,Rush,Run,,,,3,SHER,NICKEL 40,OUT,,,4,34,
2,-3,,4,1,0,0,10,0&10,-35,Coming Out (-20 to -39),L,CONU,15,32,G0,,,IZ ST,RUN,Rush,Run,BUBBLE ST (#),,,0,UDM,40,EVEN,,,4,44 WC,
2,-3,2 MIN,6,1,0,0,10,0&10,-35,Coming Out (-20 to -39),R,CONU,15,32,G0,3S BEND,PA 60,HITCH SCREEN WK,PERIMETER SCREEN,Complete,Pass,,,FLAT WK,9,UDM,40,TRIO,,,6,42,
3,-18,,13,3,1,1,10,1&10,-26,Coming Out (-20 to -39),R,CONU,15,32,G0,,60 SLIDE STR,"Y DRIVE, AUBURN TRADE",DROPBACK,Complete,Pass,,,SEAM WK,30,MCGILL,40,IN,WK BANG,,4,DEUCES,
4,-2,,10,1,0,0,10,0&10,-35,Coming Out (-20 to -39),R,CONU,15,32 WIDE BUNCH ST,G0,,PA 60,W DRIVE Y,DROPBACK,Incomplete,Pass,,,HOOK ST,0,UDM,40,EVEN,WHACK,,5M,10,
1,-5,,2,1,0,0,10,0&10,-35,Coming Out (-20 to -39),R,CONU,15,23,G0,1W ZIPPER,60 SLIDE STR,"HANK R-DIG, COD TRADE",DROPBACK,Complete,Pass,,,FLAT ST,7,LVL,40,STRONG,PIRATE,,4,35,
1,-3,OPENERS 1ST,1,1,0,0,10,0&10,-35,Coming Out (-20 to -39),R,CONU,15,41,G0,,,IZ LOCK ST OPT SEATTLE,RPO,,Run,BUBBLE SCREEN ST (#),,,0,SHER,NICKEL 30,EVEN,WK BANG,,4,35 WC,
2,-6,,4,1,0,0,10,0&10,-35,Coming Out (-20 to -39),R,CONU,15,32,G0,,,IZ LOCK ST OPT ZOOM,RPO,,Run,BUBBLE SCREEN ST (#),,,5,SHER,NICKEL 30,EVEN,WK BANG,,4,44,
3,-3,,12,1,0,0,10,0&10,-21,Coming Out (-20 to -39),R,CONU,15,32,G0,2W LEAD,,IZ LOCK ST BLAST OPT SEATTLE,RPO,,Run,HOTEL ST (# & LEVERAGE),,,-1,MCGILL,40,OUT,,,4,ROTATE SWITCH,
2,0,,7,1,0,0,10,0&10,-35,Coming Out (-20 to -39),L,CONU,15,32,G0,,,G LEAD ST OPT ESSO,RPO,,Run,FLORIDA ST (# & LEVERAGE),,,14,MCGILL,40,GAP SWITCH,,,4,SNIFF ROB,
2,-3,2 MIN,8,1,0,0,10,0&10,-35,Coming Out (-20 to -39),L,CONU,15,32,GW,,60 SOLID,RACE R-FLAT,DROPBACK,Scramble,Pass,,,,9,MCGILL,40,GAP SWITCH,,,4,ROTATE SWITCH,
4,-7,2 MIN,12,3,2,1,10,1&10,-36,Coming Out (-20 to -39),L,CONU,15,32,G0,1W ZIP,50 SOLID,"Z-VIRGINIA, APACHE TWEAK",DROPBACK,Sack,Pass,,,,-5,UDM,40,EVEN,"NQ, TAR",,4,44 WC,
2,-3,2 MIN,6,3,0,2,6,2&3-6,-39,Coming Out (-20 to -39),R,CONU,15,32,GW,,60 SOLID,CHOPPER,DROPBACK,Interception,Pass,,,CURL ST,0,UDM,40,EVEN,"RAT, QAN",,4,44 DC,
2,3,,6,2,0,2,6,2&3-6,-33,Coming Out (-20 to -39),R,CONU,15,32,GS,,60 SOLID,"NASCAR TWEAK Z-IN, JONES",DROPBACK,Penalty,Pass,,,FLAT WK,0,MCGILL,40,WILLY,,WILLY,5M,WILLY,
3,-3,,12,2,0,2,11,2&7+,-20,Coming Out (-20 to -39),R,CONU,15,23,GS,,60 SOLID,RACE R-FLAT,QUICK,Complete,Pass,,,SEAM WK,,MCGILL,30,BANDIT,,ST/WK,5S,HOLD,
1,-3,,3,2,0,2,6,2&3-6,-20,Coming Out (-20 to -39),R,CONU,15,32,G0,,50 SWING STR,"T SWING ST, JAILBREAK WK",PERIMETER SCREEN,Complete,Pass,,,SWING ST,2,SHER,NICKEL 30,OUT,,,4,35 TOUGH WK,
1,0,,3,3,1,1,10,1&10,-36,Coming Out (-20 to -39),R,CONU,15,32,G0,"FREEZE,2W BEND",,IZ BEND WK,RUN,Rush,Run,"BUBBLE SCREEN ST (#), SEATTLE WK (TRACK & #)",,,4,UDM,40,BANDIT,,SMURF,5W,43,
3,-18,,14,3,1,2,6,2&3-6,23,Field Goal Fringe (39 to 21),L,CONU,15,32,G0,,60 SOLID,"AUBURN, OKLAHOMA",DROPBACK,Complete,Pass,,,CURL ST,9,MCGILL,40,RS DEEP,,HAMMER,3,DROP,
4,-6,,10,3,1,1,10,1&10,-36,Coming Out (-20 to -39),L,CONU,15,41,G0,,,IZ ST READ MIAMI,RPO,,Run,BUBBLE SCREEN ST (#),,,1,SHER,NICKEL 30,OUT,"ATTACK, KNIFE",,4,44 DC,
4,-6,,11,5,2,1,10,1&10,-35,Coming Out (-20 to -39),L,CONU,15,32,G0,2W REACH,,G LEAD OPT SEATTLE,RPO,Incomplete,Pass,HOTEL ST (# & LEVERAGE),,CURL ST,0,UDM,40,STETSON,,SAW,5S,1,
2,-18,,8,2,1,1,10,1&10,-35,Coming Out (-20 to -39),L,CONU,15,32,G0,,60 SLIDE STR,HANK R-HOTEL,DROPBACK,Complete,Pass,,,FLAT WK,7,MCGILL,30,BANDIT,,,3,HALO,
3,-18,,14,2,1,1,10,1&10,27,Field Goal Fringe (39 to 21),L,CONU,15,32,G0,,,IZ LOCK ST OPT HOTEL,RPO,Complete,Pass,,,CURL WK,4,MCGILL,40,CB DEEP,RUN/ATTACK,,5M,BLACK,
2,-19,,5,2,1,1,10,1&10,-35,Coming Out (-20 to -39),R,CONU,15,32,G0,,,IZ LOCK ST OPT HITCH SCREEN WK,RPO,Complete,Pass,,,FLAT WK,16,LVL,40,WEAK,,,5W,34,
2,-3,2 MIN,10,3,1,1,10,1&10,-35,Coming Out (-20 to -39),L,CONU,15,32,GW,,60 SOLID,RACE R-FLAT,DROPBACK,Complete,Pass,,,SWING WK,11,MCGILL,30,BANDIT,,,3,PIPES,
2,0,,5,1,0,0,10,0&10,-30,Coming Out (-20 to -39),R,CONU,15,32,G0,3S BEND,PA 60,"AUBURN, APACHE",PA POCKET,Incomplete,Pass,,,CURL WK,0,UDM,40,TRIO,DBL CHASE ACROSS,,5M,10,
1,0,OPENERS 1ST,1,2,1,1,10,1&10,-32,Coming Out (-20 to -39),L,CONU,15,41 WIDE BUNCH ST,G0,,60 SOLID,"FLORIDA SUB, RACE",QUICK,Incomplete,Pass,,,DEEP 1/3 WK,0,LVL,30,BANDIT,,,4,10,
1,0,OPENERS 1ST,1,2,1,1,10,1&10,-31,Coming Out (-20 to -39),R,CONU,15,23,G0,,,IZ LOCK WK OPT SEATTLE,RPO,,Run,HOTEL WK (EDGE PRESSURE),,,3,MCGILL,40,IN,ST BANG,,4,ROTATE,
4,-15,2 MIN,16,3,1,1,10,1&10,-31,Coming Out (-20 to -39),L,CONU,15,32 WIDE BUNCH ST,G0,2S ZOOM,60 SOLID,"NASCAR, JONES",DROPBACK,Sack,Pass,,,,-11,MCGILL,30,BANDIT,,,3,SNIFF ROB,
4,-7,,12,2,0,2,7,2&7+,-38,Coming Out (-20 to -39),R,CONU,15,32,G0,,60 SOLID,"Z-VIRGINIA, CHOPPER",DROPBACK,Sack,Pass,,,,-4,UDM,40,EVEN,TACO,,4,44 DC,
4,5,,15,2,0,2,7,2&7+,-38,Coming Out (-20 to -39),R,CONU,15,32,G0,,60 SOLID,AUBURN,DROPBACK,Complete,Pass,,,HOOK WK,11,SHER,NICKEL 40,STETSON JET,,,7,0,
1,-7,,3,3,2,1,10,1&10,-30,Coming Out (-20 to -39),L,CONU,15,32,G0,,PA 60,"HOSS, JONES",PA POCKET,Complete,Pass,,,DEEP 1/3 WK,43,UDM,40,TRIO,2 CHASE,,5M,1,
1,0,OPENERS 1ST,1,3,1,2,7,2&7+,-34,Coming Out (-20 to -39),R,CONU,15,32,G0,1W ZIP,60 SLIDE STR,"FLORIDA TRADE, TWIX",QUICK,Complete,Pass,,,CURL ST,-4,MCGILL,30,BANDIT,,JET,4,ROTATE,
3,-11,OPENERS 2ND,12,3,1,1,10,1&10,39,Field Goal Fringe (39 to 21),R,CONU,15,32,G0,"2W JET, T SCAT ST, 3S EDGE",,JET SWEEP ST,RUN,,Run,,,,-1,MCGILL,40,GAP,SCREAM,,4,SNIFF,
4,-6,,12,4,2,1,10,1&10,-30,Coming Out (-20 to -39),R,CONU,15,32,G0,,50 SOLID,CHOPPER,DROPBACK,Complete,Pass,,,FLAT WK,3,UDM,40,EVEN,"NQ, TAR",,4,44 DC,
2,-14,,5,1,0,0,10,0&10,-29,Coming Out (-20 to -39),L,CONU,15,41,G0,,,OZ ST,RUN,Rush,Run,,,,-4,LVL,40,STRONG,PIRATE,,4,MATCH,
2,3,,6,1,0,0,10,0&10,-29,Coming Out (-20 to -39),R,CONU,15,32,G0,,,G LEAD WK,RUN,,Run,HOTEL ST (# & LEVERAGE),,,4,MCGILL,40,GAP SWITCH,,,4,TUFF,
3,-3,OPENERS 2ND,11,1,0,0,10,0&10,-46,Open Field (-40 to 40),R,CONU,15,32,G0,,,G LEAD ST OPT ESSO,RPO,,Run,,,,5,MCGILL,40,GAP SWITCH,,,4,ROCKSTAR,
4,-6,,12,5,2,2,7,2&7+,-33,Coming Out (-20 to -39),R,CONU,15,32,G0,,50 SOLID,CHOPPER R-VIRGINIA W-UNDER,DROPBACK,Incomplete,Pass,,,SWING ST,0,UDM,40,TRIO,"CHILI, CHASE STR",,5M,10,
3,-3,OPENERS 2ND,11,2,0,2,5,2&3-6,-51,Open Field (-40 to 40),R,CONU,15,32,G0,2W REACH,,IZ ST OPT SEATTLE,RPO,Incomplete,Pass,HOTEL ST (# & LEVERAGE),,CURL WK,0,MCGILL,40,OUT,"TAR, KNIFE",,4,GREEN CUTTER,
1,0,OPENERS 1ST,1,2,1,1,10,1&10,-30,Coming Out (-20 to -39),L,CONU,15,32,G0,"2W JET, T SCAT WK",,JET PINNER ST,RUN,Rush,Run,MIAMI WK (#),,,3,LVL,40,STRONG,,,4,MATCH,
1,0,OPENERS 1ST,1,3,1,2,7,2&7+,-33,Coming Out (-20 to -39),R,CONU,15,41,GS,,60 SOLID,"FLORIDA TRADE, RACE",DROPBACK,Sack,Pass,,,,-6,LVL,40,STRONG,,,4,MATCH,
1,0,OPENERS 1ST,1,1,0,0,10,0&10,-27,Coming Out (-20 to -39),R,CONU,15,32 TO 41,G0,4S REACH,,IZ BEND WK,RUN,Rush,Run,BUBBLE SCREEN ST (#),,,7,UDM,40,BANDIT,,,4,44,
4,-9,,11,1,0,0,10,0&10,-27,Coming Out (-20 to -39),R,CONU,15,32,G0,,PA 60,"HOSS, JONES",PA POCKET,Complete,Pass,,,CURL WK,9,UDM,40,EVEN,SMACK,,5M,43,
3,-11,OPENERS 2ND,12,2,0,2,5,2&3-6,49,Open Field (-40 to 40),L,CONU,15,32,G0,,60 SLIDE STR,"FLORIDA TRADE, JONES",QUICK,Complete,Pass,,,CURL ST,10,MCGILL,40,IN,ST BANG,,4,ROTATE,
3,-11,OPENERS 2ND,12,4,1,2,11,2&7+,40,Open Field (-40 to 40),L,CONU,15,32,G0,FREEZE,60 SOLID,"JONES R-UNDER, APACHE",DROPBACK,Incomplete,Pass,,,HOOK WK,0,MCGILL,30,BANDIT,,,3,SNIFF ROB,
2,-21,,7,4,2,1,10,1&10,-30,Coming Out (-20 to -39),L,CONU,15,41,G0,4S BEND,,IZ BEND ST OPT SEATTLE,RPO,Rush,Run,,,,12,LVL,40,STRONG,"ATTACK, CHASE WK",,5M,MATCH,
3,-18,,13,4,2,1,10,1&10,54,Open Field (-40 to 40),R,CONU,15,32,G0,,,OZ WK,RUN,,Run,BUBBLE SCREEN ST (#),,,-4,MCGILL,40,CB DEEP,RUN/ATTACK,,5M,BLACK,
1,-14,,4,1,0,0,10,0&10,-26,Coming Out (-20 to -39),R,CONU,15,32,G0,2W BLAST,,IZ LOCK WK BLAST,RUN,Rush,Run,BUBBLE SCREEN ST (#),,,31,LVL,40,OUT,,MOW,6,0,
2,-28,2 MIN,8,3,1,1,10,1&10,-30,Coming Out (-20 to -39),R,CONU,15,32,G0,,PA 60,"NASCAR, COD TRADE",PA POCKET,Incomplete,Pass,,,FLAT ST,0,LVL,NICKEL 30,STETSON JET,,,3,45,
1,-7,,2,3,1,1,10,1&10,-29,Coming Out (-20 to -39),R,CONU,15,41 WIDE BUNCH ST,G0,,60 SLIDE WK,"FLORIDA TRUCK, HOTEL PUMP",DROPBACK,Incomplete,Pass,,,DEEP 1/3 WK,0,LVL,40,WEAK,,,4,35,
1,0,OPENERS 1ST,1,1,0,0,10,0&10,-24,Coming Out (-20 to -39),R,CONU,15,32,G0,,PA 60,HOTEL X-DIG,PA POCKET,Sack,Run,,,,-4,UDM,40,STETSON,,SAW,5S,1,
2,-3,,4,2,0,2,8,2&7+,-37,Coming Out (-20 to -39),L,CONU,15,32 WIDE BUNCH ST,G0,,PA 60,"SQUIRE R-GO, AUBURN",PA POCKET,Complete,Pass,,,CURL ST,14,UDM,40,EVEN,,,4,44 WC,
2,-3,2 MIN,10,1,0,0,10,0&10,-24,Coming Out (-20 to -39),R,CONU,15,32,GS,,60 SOLID,HOTEL,QUICK,Complete,Pass,,,CURL ST,6,MCGILL,30,BANDIT WIDE,,,3,PIPES,
4,-2,2 MIN,13,2,1,1,10,1&10,-28,Coming Out (-20 to -39),R,CONU,15,32,GW,,60 SOLID,"AUBURN, MIAMI",QUICK,Complete,Pass,,,CURL WK,5,UDM,40,TRIO,DBL CHASE ACROSS,,5M,43,
4,-2,2 MIN,16,1,0,0,10,0&10,-23,Coming Out (-20 to -39),R,CONU,15,23,GS,,60 SLIDE WK,AUBURN,DROPBACK,Complete,Pass,,,HOOK WK,35,SHER,NICKEL 30,STETSON,,,3,PREVENT,
1,0,,2,1,0,0,10,0&10,-23,Coming Out (-20 to -39),R,CONU,15,32,G0,"FREEZE, 2W REACH",,IZ ST OPT SEATTLE,RPO,Rush,Run,,,,2,UDM,40,BANDIT,,SAW,5S,43,
1,0,,2,2,0,2,8,2&7+,-25,Coming Out (-20 to -39),R,CONU,15,32,GW,1W ZIPPER,60 SLIDE STR,"FLORIDA TRADE, TWIX",QUICK,Incomplete,Pass,QB AUDIBLE VS STING,,HOOK ST,0,UDM,40,TRIO JET,,SAW,5M,2,
1,-7,,2,1,0,0,10,0&10,-22,Coming Out (-20 to -39),R,CONU,15,23,G0,1W 1S ZIPPER,60 SOLID,"HANK, FLORIDA SWITCH",QUICK,Complete,Pass,,,FLAT WK,9,LVL,40,WEAK,,,4,MATCH,
1,0,,2,1,0,0,10,0&10,-21,Coming Out (-20 to -39),R,CONU,15,32,G0,,PA 60,"HOSS, JONES",PA POCKET,Complete,Pass,,,DEEP 1/3 WK,29,UDM,40,TRIO,STRIP,,5M,1,
2,-4,,5,1,0,0,10,0&10,-21,Coming Out (-20 to -39),R,CONU,15,32,G0,1W ZIP,,IZ LOCK ST OPT MIAMI,RPO,Rush,Run,,,,-2,UDM,40,EVEN,WHACK,,5M,64,
4,-6,,12,3,1,2,8,2&7+,-21,Coming Out (-20 to -39),R,CONU,15,32,G0,,60 SOLID,"NASCAR Y-DIG, CADBURY",DROPBACK,Penalty,Pass,,,,10,UDM,40,EVEN,"NQ, TAR",,4,44 DC,
3,-18,,13,6,2,2,19,2&7+,-47,Open Field (-40 to 40),R,CONU,15,32,G0,,60 SCREEN WK,SLIP SCREEN WK,SCREEN/DRAW,Complete,Pass,,,MID SCR,7,MCGILL,30,BANDIT,,,3,HALO,
3,-11,OPENERS 2ND,12,1,0,0,10,0&10,54,Open Field (-40 to 40),L,CONU,15,32,G0,2W REACH,,G LEAD ST OPT SEATTLE,RPO,,Run,HOTEL ST (# & LEVERAGE),,,5,MCGILL,40,IN,WK BANG,,4,DEUCES,
1,0,OPENERS 1ST,1,1,0,0,10,0&10,-20,Coming Out (-20 to -39),R,CONU,15,32,G0,2W BOMBER,PA 70,"SILVA, SEATTLE PUMP",DROPBACK,Penalty,Pass,,,DEEP 1/3 WK,11,MCGILL,40,IN,WEAK BANG,,4,DEUCES,
2,-18,,8,1,0,0,10,0&10,-20,Coming Out (-20 to -39),L,CONU,15,32,G0,,PA 60,IZ ST READ JONES,RPO,Penalty,Pass,,,DEEP 1/3 WK,15,MCGILL,30,BANDIT,,SAW,5S,HOLD,
4,-6,,11,3,1,1,10,1&10,-25,Coming Out (-20 to -39),L,CONU,15,32,G0,,50 SOLID,"Z-VIRGINIA, CADBURY T-SWING",DROPBACK,Incomplete,Pass,,,SWING WK,0,UDM,40,EVEN,"QN, TAR",,4,44 DC,
4,-15,2 MIN,16,1,0,0,10,0&10,-20,Coming Out (-20 to -39),L,CONU,15,32,G0,1W ZIP,60 SOLID,"SILVA, MIAMI",QUICK,Complete,Pass,,,FLAT WK,6,MCGILL,40,OUT,RAT/QK,,4,HALO,
1,0,,3,1,0,0,10,0&10,-20,Coming Out (-20 to -39),R,CONU,15,32,G0,1S ZIP,60 SOLID,HOSS,QUICK,Complete,Pass,,,FLAT WK,8,UDM,40,BANDIT,,SMURF,5S,43,
2,10,,6,2,0,2,9,2&7+,-37,Coming Out (-20 to -39),R,CONU,15,32,GW,1W ZIPPER,60 SOLID,"CHOPPER R DRIVE X, W-CORNER",DROPBACK,Complete,Pass,,,CURL ST,4,SHER,NICKEL 40,STETSON JET,,SAW,5S,43,
4,-6,,10,1,0,0,10,0&10,-20,Coming Out (-20 to -39),R,CONU,15,32,G0,,,G TRAP ST OPT HOSS,RPO,,Run,"HOSS WK (EDGE, LEVERAGE)",,,7,SHER,NICKEL 30,EVEN,WK BANG,,4,44,
4,-6,,10,4,1,2,9,2&7+,-37,Coming Out (-20 to -39),L,CONU,15,23 XZ,GW,,60 SOLID,"OKLAHOMA, AUBURN",DROPBACK,Penalty,Pass,,,,0,SHER,NICKEL 30,OUT,QAN,,4,44 DC,
1,-9,,5,3,1,1,10,1&10,-23,Coming Out (-20 to -39),R,CONU,15,32,G0,2W BEND,PA 60,IZ WK READ NASCAR-FLAT,RPO,Complete,Pass,,,FLAT ST,-10,MCGILL,30,BANDIT,,JET,4,ROTATE,
2,-21,2 MIN,10,3,0,2,9,2&7+,-36,Coming Out (-20 to -39),L,CONU,15,32,G0,,60 SOLID,"Y DRIVE, SAIL",DROPBACK,Incomplete,Pass,,,CURL ST,0,MCGILL,30,BANDIT,,,3,YELLOW SWITCH,
4,-7,2 MIN,12,2,1,1,10,1&10,-21,Coming Out (-20 to -39),L,CONU,15,32,G0,,60 SOLID,"Z-VIRGINIA, PLUNGE",DROPBACK,Complete,Pass,,,FLAT WK,15,UDM,40,EVEN,,,4,44,
2,-18,,9,2,1,1,10,1&10,-20,Coming Out (-20 to -39),L,CONU,15,32,G0,,,IZ LOCK ST READ HOTEL,RPO,,Run,,,,5,MCGILL,40,IN,WK BANG,,4,DEUCES,
1,-7,,2,2,0,2,10,2&7+,-36,Coming Out (-20 to -39),R,CONU,15,32,GW,,60 SOLID,"R DRIVE YZ, SAIL",DROPBACK,Complete,Pass,,,FLAT WK,13,MCGILL,30,BANDIT,,SMURF,5S,ORANGE,
2,-17,,6,2,0,2,10,2&7+,-35,Coming Out (-20 to -39),R,CONU,15,23,GS,FREEZE,60 SOLID,"JONES, AUBURN",DROPBACK,"Sack, Fumble",Pass,,,,0,LVL,NICKEL 30,STETSON,,,4,MATCH,
2,-18,,7,2,0,2,10,2&7+,-35,Coming Out (-20 to -39),R,CONU,15,32,G0,,60 SLIDE STR,"Y DRIVE, SCISSOR",DROPBACK,Complete,Pass,,,SEAM WK,27,LVL,NICKEL 30,STETSON PINCH,,SAW,6,1,
3,-18,,14,1,0,0,10,0&10,55,Open Field (-40 to 40),L,CONU,15,32,G0,3S BOMBER,70 BOMBER SLIDE STR,HOTEL PUMP,DROPBACK,Complete,Pass,,,DEEP 1/3 ST,28,MCGILL,40,IN,ST BANG,,4,ROTATE,
4,5,,14,2,0,2,10,2&7+,-35,Coming Out (-20 to -39),R,CONU,15,32,G0,,60 SOLID,CHOPPER,DROPBACK,Sack,Pass,,,,-10,SHER,NICKEL 40,STETSON JET,,SAW,5S,43,
1,-3,OPENERS 1ST,1,2,0,2,10,2&7+,-35,Coming Out (-20 to -39),R,CONU,15,32,GW,,60 SOLID,"FLORIDA, HANK",DROPBACK,Penalty,Pass,,,FLAT WK,0,SHER,NICKEL 30,MIAMI JET,,,3,36 DC,
3,5,,12,2,0,2,1,2&2-,-12,Backed Up (-1 to -19),R,CONU,15,32,G0,,,IZ BEND WK,RUN,Rush,Run,,,,3,SHER,40,DEEP TRIO,,,5S,34,
3,7,,11,1,0,0,10,0&10,-9,Backed Up (-1 to -19),R,CONU,15,32,GW,,,DRAW G LEAD WK,SCREEN/DRAW,Rush,Run,,,,-4,SHER,40,DEEP TRIO,,SAW,5S,34,
2,-28,2 MIN,8,4,1,2,10,2&7+,-30,Coming Out (-20 to -39),R,CONU,15,41,GS,,60 SOLID,"Y-VIRGINIA, RACE",DROPBACK,Scramble,Pass,,,,9,LVL,NICKEL 30,STETSON,,,3,36 DC,
1,-7,,2,4,1,2,10,2&7+,-29,Coming Out (-20 to -39),R,CONU,15,32,GW,,60 SOLID,"Y DRIVE, APACHE",DROPBACK,Interception,Pass,,,HOOK WK,0,LVL,NICKEL 30,STETSON MUG,,MOB,6,0,
3,5,,12,1,0,0,10,0&10,-3,Backed Up (-1 to -19),R,CONU,15,32,GW,,60 SLIDE STR,IZ LOCK ST OPT ZOOM,RPO,Complete,Pass,HOTEL ST (#),,CURL WK,9,SHER,40,OUT,SMACK,JET WK,6,0,
4,-6,,11,4,1,2,10,2&7+,-25,Coming Out (-20 to -39),L,CONU,15,32,G0,FREEZE,60 SOLID,"AUBURN, CADBURY",DROPBACK,Complete,Pass,,,HOOK WK,10,UDM,40,EVEN,NAT,,4,44 DC,
2,-18,,9,4,1,2,10,2&7+,-20,Coming Out (-20 to -39),L,CONU,15,41,G0,,60 SOLID,SILVA,DROPBACK,Incomplete,Pass,,,SEAM WK,0,MCGILL,30,BANDIT,,,3,HALO FLY,
1,0,OPENERS 1ST,1,4,1,2,11,2&7+,-30,Coming Out (-20 to -39),R,CONU,15,32,G0,,,DRAW ST,SCREEN/DRAW,,Run,,,,-4,MCGILL,30,BANDIT,,,3,YELLOW SWITCH,
3,5,,12,3,1,1,10,1&10,-15,Backed Up (-1 to -19),R,CONU,15,32,G0,,PA 60,"AUBURN, JONES",PA POCKET,Complete,Pass,,,CURL WK,9,SHER,40,IN,,BEAMER,4,35 DC,
2,-14,,5,2,0,2,14,2&7+,-25,Coming Out (-20 to -39),R,CONU,15,32,G0,2W EDGE,,IZ ST,RUN,Rush,Run,BUBBLE SCREEN ST (#),,,4,LVL,NICKEL 30,STETSON JET,"MAR, CHILI",,5M,34,
1,0,OPENERS 1ST,1,2,0,2,14,2&7+,-20,Coming Out (-20 to -39),R,CONU,15,32,G0,,60 SOLID,"AUBURN, CADBURY",DROPBACK,Complete,Pass,,,HOOK WK,7,UDM,40,EVEN,"RN, QT",,4,44 DC,
4,-7,2 MIN,12,4,2,2,15,2&7+,-31,Coming Out (-20 to -39),L,CONU,15,32,G0,,60 SOLID,"NASCAR, OKLAHOMA",DROPBACK,Complete,Pass,,,FLAT WK,7,UDM,40,EVEN,"RN, QT",,4,44,
4,-6,,11,7,2,2,15,2&7+,-30,Coming Out (-20 to -39),L,CONU,15,32,G0,,,DRAW,SCREEN/DRAW,Sack,Pass,,,,-5,UDM,40,STETSON,"CHILI, CHASE STR",,5M,43,
4,-2,,10,3,0,2,15,2&7+,-30,Coming Out (-20 to -39),R,CONU,15,32,GW,,,DRAW G LEAD WK,SCREEN/DRAW,Rush,Run,"FLORIDA (#, LEVERAGE)",ESSO (WILL),,15,UDM,40,EVEN,"RAT, QAN",,4,44,
1,0,OPENERS 1ST,1,3,1,2,15,2&7+,-27,Coming Out (-20 to -39),L,CONU,15,32 WIDE BUNCH ST,G0,2W LEAD,,IZ LOCK ST OPT SLANT,RPO,Rush,Run,SPACING ST (EDGE),,,7,LVL,NICKEL 30,STETSON MUG,,,4,44 SC,
3,7,,11,2,0,2,14,2&7+,-5,Backed Up (-1 to -19),R,CONU,15,32,GW,1W ZIPPER,60 SOLID,X MESH R,DROPBACK,Incomplete,Pass,,,FLAT WK,0,SHER,40,DEUCE,,,6,33,
4,5,,15,4,1,1,20,1&11+,-39,Coming Out (-20 to -39),R,CONU,15,32,G0,,,DRAW G LEAD ST,SCREEN/DRAW,Penalty,Run,,,,0,SHER,NICKEL 40,STRONG,,,4,44,
2,3,,6,3,0,2,16,2&7+,-23,Coming Out (-20 to -39),R,CONU,15,32,GW,T SCAT WK,50 SOLID,"HOSS, JONES",DROPBACK,Incomplete,Pass,,,FLAT WK,0,MCGILL,40,BANDIT,,,3,PIPES,
4,-7,2 MIN,12,5,2,3,8,3&7+,-38,Coming Out (-20 to -39),L,CONU,15,32,G0,,60 SOLID,"Z-VIRGINIA, APACHE",DROPBACK,Incomplete,Pass,,,FLAT WK,0,UDM,40,EVEN,NQ,,4,44 WC,
2,-21,,7,6,3,1,20,1&11+,-32,Coming Out (-20 to -39),L,CONU,15,32,GW,,60 SLIDE STR,"RACE R-HOTEL, AUBURN TRADE",DROPBACK,Incomplete,Pass,,,SEAM ST,0,LVL,40,STRONG,PIRATE,,4,MATCH,
2,-21,,7,7,3,2,20,2&7+,-32,Coming Out (-20 to -39),L,CONU,15,23,GS,,60 SOLID,CHOPPER,DROPBACK,Incomplete,Pass,,,SEAM WK,0,LVL,NICKEL 30,STETSON,QAN,,3,66,
2,-21,2 MIN,10,2,0,1,20,1&11+,-25,Coming Out (-20 to -39),L,CONU,15,32,G0,,,IZ LOCK ST OPT HOTEL,RPO,Complete,Pass,,,FLAT WK,11,MCGILL,30,BANDIT,,SMURF,5S,ORANGE,
4,-15,2 MIN,16,4,1,2,21,2&7+,-20,Coming Out (-20 to -39),R,CONU,15,32,G0,1W ZIP,60 SLIDE STR,"AUBURN, OKLAHOMA",DROPBACK,Incomplete,Pass,,,HOOK WK,0,MCGILL,30,BANDIT,,,3,HALO,
4,5,,15,5,1,1,30,1&11+,-29,Coming Out (-20 to -39),R,CONU,15,32,G0,,60 SLIDE STR,"FLORIDA, HANK",QUICK,Complete,Pass,,,FLAT ST,7,SHER,NICKEL 40,STETSON,,BEAMER,4,PREVENT,
4,5,,15,6,1,2,23,2&7+,-36,Coming Out (-20 to -39),R,CONU,15,32,G0,,60 SOLID,"AUBURN, CHOPPER",DROPBACK,Sack,Pass,,,,0,SHER,NICKEL 40,STETSON,,,3,PREVENT,
3,5,,12,4,1,2,1,2&2-,-24,Coming Out (-20 to -39),R,CONU,15,32,G0,2W BEND,,IZ BEND WK,RUN,Penalty,Run,,,,0,SHER,40,EAGLE,,ABLE,6,0,
2,-7,,3,8,4,1,5,1&9-,21,Field Goal Fringe (39 to 21),L,CONU,15,32,G0,,60 SOLID,"AUBURN, CADBURY",DROPBACK,Incomplete,Pass,,,SWING WK,0,UDM,40,EVEN,WHACK,,5M,1,
3,7,OPENERS 1ST,9,2,0,2,2,2&2-,-37,Coming Out (-20 to -39),M,CONU,15,32,G0,2W BEND,PA 60,"IZ BEND WK PA NASCAR, MIAMI",DROPBACK,Incomplete,Pass,,,SEAM ST,0,SHER,40,EAGLE,,,5M,10,
4,5,,13,4,2,2,2,2&2-,33,Field Goal Fringe (39 to 21),R,CONU,15,32,G0,3S BEND,PA 60,RACE,PA POCKET,"Complete, TD",Pass,,,SEAM ST,33,SHER,40,EAGLE,,,5M,10,
4,-2,,10,6,2,2,4,2&3-6,39,Field Goal Fringe (39 to 21),R,CONU,15,32,G0,,PA 60,RACE R-HOTEL,DROPBACK,Incomplete,Pass,,,DEEP 1/3 WK,0,UDM,40,TRIO,DBL CHASE ACROSS,,5M,10,
1,-7,,3,6,3,3,1,3&2-,28,Field Goal Fringe (39 to 21),L,CONU,33 JUMBO,32 DT DW +SING,0,T EDGE WK,,WEDGE WK,RUN,Rush,Run,,,,2,UDM,40,GAPS,,,6,0,
2,-7,,3,9,4,2,5,2&3-6,21,Field Goal Fringe (39 to 21),L,CONU,15,32,G0,2W LEAD,,IZ LOCK ST BLAST OPT SEATTLE,RPO,Rush,Run,HOTEL ST (# & LEVERAGE),,,1,UDM,40,EVEN,"RN, QT",,4,44 DC,
3,-13,,8,1,0,0,10,0&10,-35,Coming Out (-20 to -39),L,CONU,24 SPEED,31,GSPLIT,,60 SOLID,T SWING ST DOUBLE PASS,SPECIAL,Complete,Pass,,,SWING ST,0,SHER,NICKEL 30,EVEN,,,4,35 WC,
3,-10,,7,1,0,0,10,0&10,-31,Coming Out (-20 to -39),L,CONU,24 SPEED,31,GSPLIT,,PA 70,IZ BEND ST OPT SEATTLE,RPO,Incomplete,Pass,BUBBLE SCREEN ST (#),,CURL WK,0,SHER,NICKEL 30,OUT,TAM,,5M,10,
1,-4,,4,2,0,2,7,2&7+,32,Field Goal Fringe (39 to 21),R,CONU,15,32,GW,,60 SOLID,"FLORIDA TRADE, HOSS",QUICK,Complete,Pass,,,CURL ST,5,MCGILL,40,GAP SWITCH,,,,TUFF,
2,-19,,5,6,3,2,7,2&7+,38,Field Goal Fringe (39 to 21),R,CONU,15,32,GW,,60 SOLID,"AUBURN, APACHE",DROPBACK,Complete,Pass,,,SWING WK,4,LVL,NICKEL 30,STETSON PINCH,,,5M,10,
4,-6,,11,4,1,2,8,2&7+,24,Field Goal Fringe (39 to 21),M,CONU,15,23,GS,"FREEZE , 1W ZIPPER",60 SOLID,"FLORIDA TRADE, TWIX",DROPBACK,Complete,Pass,,,HOOK WK,22,SHER,NICKEL 30,OUT,"RAT, QAN",,4,44 DC,
1,-7,,3,5,3,2,8,2&7+,35,Field Goal Fringe (39 to 21),M,CONU,15,32 WX,G0,1W ZIP,60 SOLID,"AUBURN, RACE",DROPBACK,Complete,Pass,,,CURL WK,7,UDM,40,IN,"TAR, NQ",,4,44 DC,
2,-6,2 MIN,7,5,3,1,10,1&10,21,Field Goal Fringe (39 to 21),R,CONU,15,32,G0,1W ZIPPER,60 SOLID,"NASCAR, MIAMI",QUICK,Complete,Pass,,,FLAT WK,6,UDM,40,STETSON,,SAW,5S,43,
2,-18,,7,4,2,1,10,1&10,21,Field Goal Fringe (39 to 21),R,CONU,15,41 WIDE BUNCH ST,G0,,60 SOLID,"FLORIDA TRUCK, SEATTLE PUMP",DROPBACK,Penalty,Pass,,,DEEP 1/3 WK,15,LVL,30,BANDIT,,MOB,5M,10,
1,0,,4,2,1,1,10,1&10,21,Field Goal Fringe (39 to 21),R,CONU,15,32,G0,,60 SOLID,"FLORIDA TRADE, JONES",DROPBACK,Incomplete,Pass,,,SEAM WK,0,SHER,NICKEL 40,STETSON,,SAM TACO,5M,10,
4,-2,,12,4,2,1,10,1&10,23,Field Goal Fringe (39 to 21),R,CONU,15,32,G0,,PA 60,"CHOPPER, JONES",PA POCKET,Incomplete,Pass,,,FLAT WK,0,UDM,40,EVEN,,MOW,6,10,
4,-6,,11,2,1,1,10,1&10,26,Field Goal Fringe (39 to 21),L,CONU,15,32,GS,,50 SWING STR,T SWING ST,PERIMETER SCREEN,Complete,Pass,HITCH SCREEN WK (#),,SWING ST,7,SHER,NICKEL 30,TRIO JET,,SAW,5S,34 TOUGH ST,
3,7,OPENERS 2ND,9,1,0,0,10,0&10,-29,Coming Out (-20 to -39),R,CONU,15,32,G0,,,IZ LOCK ST OPT APACHE,RPO,Rush,Run,BUBBLE SCREEN ST (#),,,8,SHER,40,DEEP EAGLE,,,3,35 DC,
3,-10,OPENERS 2ND,6,1,0,0,10,0&10,-27,Coming Out (-20 to -39),L,CONU,15,41,G0,,PA 60,IZ LOCK ST PA SWING SCREEN PUMP,PA POCKET,Incomplete,Pass,,,SEAM WK,0,SHER,NICKEL 30,WEAK,,,4,35 DC,
1,-7,,3,3,1,1,10,1&10,28,Field Goal Fringe (39 to 21),L,CONU,15,41 3S FLEX,G0,,60 SOLID,"HOSS, RACE",DROPBACK,Incomplete,Pass,,,POST,0,MCGILL,40,GAP SWITCH,,,4,ROCKSTAR,CHECK: BUZZER
1,-10,,3,8,3,1,10,1&10,30,Field Goal Fringe (39 to 21),L,CONU,15,32,G0,3S BEND,PA 60,IZ BEND ST READ FLAT SCREEN,RPO,"Sack, Fumble",Pass,,,,19,MCGILL,30,BANDIT,,,3,TOONIE,
2,-6,2 MIN,7,4,2,1,10,1&10,31,Field Goal Fringe (39 to 21),R,CONU,15,32,G0,1W ZIPPER,60 SOLID,"Z-VIRGINIA, AUBURN TWEAK",DROPBACK,Sack,Pass,,,,-9,UDM,40,TRIO,WHIP,,5M,1,
2,-21,2 MIN,11,3,1,1,10,1&10,32,Field Goal Fringe (39 to 21),L,CONU,15,32,G0,,60 SOLID,CHOPPER,DROPBACK,Sack,Pass,,,,-5,MCGILL,30,BANDIT,,,3,TEFFLON FLY,
1,-3,,3,1,0,0,10,0&10,21,Field Goal Fringe (39 to 21),L,CONU,15,32,G0,,,IZ ST READ JONES,RPO,Rush,Run,,,,5,SHER,40,DEEP EAGLE,,,3,36 DC,
2,3,,7,4,2,1,10,1&10,32,Field Goal Fringe (39 to 21),R,CONU,15,32,G0,,PA 60,"AUBURN SWITCH, JONES",PA POCKET,Sack,Pass,,,,-6,SHER,40,DEEP TRIO,CHASE WK,JET,5S,34,
1,-7,,3,4,1,2,10,2&7+,28,Field Goal Fringe (39 to 21),L,CONU,15,32,GW,,60 SOLID,"HOSS, RACE W-VIRGINIA",DROPBACK,Penalty,Pass,,,DEEP 1/3 WK,15,MCGILL,40,WILLY,,WILLY,5M,WILLY,
2,-19,,5,9,4,2,10,2&7+,31,Field Goal Fringe (39 to 21),R,CONU,15,32,GW,,60 SOLID,"AUBURN, JONES",DROPBACK,Complete,Pass,,,CURL WK,16,LVL,NICKEL 30,STETSON MUG,,SMOKE,5S,10,
1,-7,,3,4,3,1,10,1&10,37,Field Goal Fringe (39 to 21),L,CONU,15,32,G0,,,OZ ST,RUN,Rush,Run,HOTEL WK (LEVERAGE),,,2,UDM,40,EVEN,,,4,44 WC,
2,-18,,8,5,3,1,10,1&10,37,Field Goal Fringe (39 to 21),R,CONU,15,32,G0,,60 SLIDE STR,"FLORIDA, JONES",DROPBACK,Incomplete,Pass,,,FLAT WK,-14,MCGILL,40,IN,WK BANG,,4,DEUCES,
1,-14,,4,4,2,1,10,1&10,37,Field Goal Fringe (39 to 21),R,CONU,15,32,G0,,PA 60,OZ WK,RUN,Complete,Pass,BUBBLE SCREEN ST (#),,SWING ST,-1,LVL,40,STRONG,,,4,MATCH,
2,-19,,5,7,3,3,3,3&3-6,34,Field Goal Fringe (39 to 21),R,CONU,15,23,G0,,,IZ WK READ HANK,RPO,Complete,Pass,,,FLAT ST,3,LVL,40,COWBOY,,MOB,6,0,
2,-6,,4,5,2,1,10,1&10,37,Field Goal Fringe (39 to 21),R,CONU,15,41,G0,4S BEND,PA 60,IZ BEND ST PA NASCAR,PA POCKET,Complete,Pass,,,FLAT ST,32,SHER,NICKEL 30,OUT,A,,4,35,
2,-3,,5,5,2,2,10,2&7+,37,Field Goal Fringe (39 to 21),R,CONU,15,32,GW,,60 SOLID,CHOPPER,DROPBACK,Sack,Pass,,,,-4,SHER,NICKEL 30,MIAMI JET,,,3,36 DC,
2,-3,,5,4,2,1,10,1&10,37,Field Goal Fringe (39 to 21),M,CONU,15,32 TO 41,G0,,,IZ ST READ MIAMI,RPO,Incomplete,Pass,,,DEEP 1/3 ST,0,SHER,NICKEL 30,EVEN,,APPLE,6,10,
3,-13,,8,2,0,2,10,2&7+,-35,Coming Out (-20 to -39),R,CONU,15,23 XZ,GS,,60 SOLID,"OKLAHOMA, AUBURN",DROPBACK,Incomplete,Pass,,,FLAT WK,0,SHER,NICKEL 30,TRIO JET,,ST/WK,6,42,
3,-10,,7,2,0,2,10,2&7+,-31,Coming Out (-20 to -39),L,CONU,15,32,GW,,60 SCREEN WK,JAILBREAK SCREEN WK,PERIMETER SCREEN,Complete,Pass,,,FLAT WK,4,SHER,NICKEL 30,TRIO JET,,,3,36 DC,
3,-10,OPENERS 2ND,6,2,0,2,10,2&7+,-27,Coming Out (-20 to -39),L,CONU,15,32,GW,,60 SOLID,"AUBURN, OKLAHOMA",DROPBACK,Complete,Pass,,,SEAM WK,21,SHER,NICKEL 30,EVEN,,MOW FIRE,,,
1,-3,,3,3,0,2,11,2&7+,22,Field Goal Fringe (39 to 21),M,CONU,15,41 WIDE BUNCH ST,G0,,,IZ LOCK ST OPT SEATTLE,RPO,Complete,Pass,BUBBLE SCREEN ST (#),,CURL WK,17,SHER,NICKEL 40,STETSON JET,,,7,0,
1,-14,,4,5,2,2,11,2&7+,38,Field Goal Fringe (39 to 21),L,CONU,15,32,GW,FREEZE,60 SOLID,CHOPPER,DROPBACK,Complete,Pass,,,FLAT WK,2,LVL,NICKEL 30,STETSON JET,,,3,36 DC,
1,-4,,4,1,0,0,10,0&10,35,Field Goal Fringe (39 to 21),R,CONU,15,32,G0,,,IZ ST OPT APACHE,RPO,,Run,HOTEL ST (# & LEVERAGE),,,3,MCGILL,40,GAP SWITCH,,,,TUFF,
4,-2,,12,5,2,2,15,2&7+,28,Field Goal Fringe (39 to 21),R,CONU,15,32,G0,1W ZIP,60 SOLID,R MESH X,DROPBACK,Complete,Pass,,,HOOK ST,4,UDM,40,BANDIT,,ST/WK,5W,43,
2,-21,2 MIN,11,4,1,2,15,2&7+,37,Field Goal Fringe (39 to 21),L,CONU,15,32,G0,1W ZIPPER,60 SOLID,JONES,DROPBACK,Complete,Pass,,,SWING WK,10,MCGILL,30,BANDIT,,,3,HALO FLY,
1,7,,5,1,0,1,15,1&11+,32,Field Goal Fringe (39 to 21),L,CONU,15,32,G0,,60 SOLID,"FLORIDA TRADE, JONES",QUICK,Complete,Pass,,,FLAT WK,12,SHER,40,DEEP TRIO,CHASE WK,JET,5S,34,
2,-19,,5,8,4,1,15,1&11+,36,Field Goal Fringe (39 to 21),L,CONU,15,32,G0,,,DRAW G LEAD ST,SCREEN/DRAW,Rush,Run,,,,5,LVL,40,WEAK,,,4,35 WC,
3,-13,,9,4,1,2,2,2&2-,30,Field Goal Fringe (39 to 21),L,CONU,15,23 XZ,GW,,61 SOLID,"FLORIDA, AUBURN",DROPBACK,Complete,Pass,,,HOOK ST,12,SHER,NICKEL 30,STETSON,JAR,,4,20,
2,3,,7,5,2,2,16,2&7+,38,Field Goal Fringe (39 to 21),R,CONU,15,32,G0,,50 SOLID,AUBURN,DROPBACK,Scramble,Pass,,,,8,SHER,NICKEL 40,STETSON,,,3,36,
4,-9,,11,5,3,1,1,1&9-,1,Goal Line (4 to 1),L,CONU,15,41,G0,4S 3S BEND,,IZ BEND ST READ FLORIDA,RPO,"Rush, TD",Run,,,,1,UDM,40,GAPS,,,6,0,
4,-6,,11,5,2,1,2,1&9-,2,Goal Line (4 to 1),L,CONU,15,41,G0,4S BEND,,IZ BEND ST,RUN,,Run,BUBBLE SCREEN ST (#),,,0,SHER,NICKEL 30,TRIO,,,6,0,
3,7,,10,3,0,2,6,2&3-6,30,Field Goal Fringe (39 to 21),L,CONU,15,32,G0,,50 SOLID,CHOPPER,DROPBACK,Complete,Pass,,,CURL ST,10,SHER,NICKEL 40,STETSON,SPY,,3,2 MAN,
1,-3,,3,4,1,1,4,1&9-,4,Goal Line (4 to 1),L,CONU,15,32,G0,,,Q IZ ST,RUN,Rush,Run,,,,-2,SHER,40,STRONG,,MOW,6,10,
4,-3,,12,4,2,1,4,1&9-,4,Goal Line (4 to 1),L,CONU,15,32,G0,2W BEND,,OZ BEND WK,RUN,Timeout,Run,BUBBLE SCREEN ST (#),,,0,SHER,NICKEL 30,TRIO,,JET,6,10,
4,-3,,12,4,2,1,4,1&9-,4,Goal Line (4 to 1),L,CONU,15,32,G0,2W BEND,,OZ BEND WK,RUN,TD,Run,,,,4,SHER,NICKEL 30,TRIO,,JET,6,10,
4,-6,,11,6,2,2,2,2&2-,2,Goal Line (4 to 1),L,CONU,15,32,GW,,60 SLIDE STR,"ARROW R-BUBBLE, FLORIDA",QUICK,Incomplete,Pass,,,CURL WK,0,SHER,NICKEL 30,TRIO,,ABLE,6,0,
1,0,,4,3,2,1,5,1&9-,5,Hot Zone (10 to 5),R,CONU,15,32,G0,,60 SOLID,"AUBURN SWITCH, OKLAHOMA",DROPBACK,"Complete, TD",Pass,,,FLAT WK,5,SHER,40,OUT,WHACK,JET,6,0,
2,-6,,4,6,3,1,5,1&9-,5,Hot Zone (10 to 5),L,CONU,15,23 XZ,G0,1W ZIPPER,60 SOLID,"FLORIDA, HANK",QUICK,Incomplete,Pass,,,,0,SHER,NICKEL 30,TRIO,,,6,1,
2,-3,,4,5,1,1,8,1&9-,8,Hot Zone (10 to 5),R,CONU,15,32,GW,1W ZIPPER,60 SOLID,HOSS,QUICK,Sack,Pass,,,,-5,UDM,40,BANDIT,,,3,45 DC,
2,-4,,4,4,2,2,2,2&2-,6,Hot Zone (10 to 5),L,CONU,15,23,GW,,60 SLIDE ST,"HOSS, MIAMI",QUICK,"Complete, TD",Pass,,,SEAM WK,6,MCGILL,40,MUDDLE,,STING,,ZORRO PEEL,
4,-13,,9,6,2,2,2,2&2-,10,Hot Zone (10 to 5),L,CONU,15,32,GW,,61 SOLID,"FLORIDA TRADE, JONES",DROPBACK,"Complete, TD",Pass,,,SEAM WK,10,SHER,NICKEL 30,TRIO,,JET,6,0,
2,-6,,4,7,3,2,5,2&3-6,5,Hot Zone (10 to 5),L,CONU,15,41,G0,4S REACH,,IZ WK OPT ARROW,RPO,,Run,,,,0,SHER,NICKEL 30,EVEN,QAN,,4,35 SC LOCK,
1,-3,,3,5,1,2,6,2&3-6,6,Hot Zone (10 to 5),M,CONU,15,32,GS,,60 SLIDE WK,"AUBURN SWITCH, 12 RUB",QUICK,Incomplete,Pass,,,FLAT WK,0,SHER,40,OUT,SMACK,JET,6,0,
1,-10,,4,2,0,2,7,2&7+,8,Hot Zone (10 to 5),L,CONU,15,32,G0,,60 SOLID,"SILVA, FLORIDA",QUICK,Incomplete,Pass,,,DEEP 1/3 WK,0,MCGILL,40,MUDDLE,MYSTICAL,,6,BLACK PEEL,
2,-18,,7,5,3,1,10,1&10,6,Hot Zone (10 to 5),R,CONU,15,23,G0,3W BEND,,IZ BEND WK READ FLAT SCREEN,RPO,Interception,Pass,,,FLAT ST,0,LVL,40,OUT,,SAW,6,0,
4,-19,,18,2,0,2,10,2&7+,7,Hot Zone (10 to 5),R,CONU,15,32,G0,1W ZIP,60 SOLID,"SILVA, MIAMI",QUICK,Complete,Pass,,,FLAT WK,5,MCGILL,40,IN,A,,4,HALO,
3,-13,,9,3,1,1,10,1&10,38,Field Goal Fringe (39 to 21),R,CONU,15,41,G0,,,IZ LOCK ST OPT SEATTLE,RPO,Complete,Pass,BUBBLE SCREEN ST (#),,SWING ST,8,SHER,NICKEL 30,STETSON,,SAW,5S,34,
1,-7,,3,2,0,2,1,2&2-,-44,Open Field (-40 to 40),L,CONU,15,23,G0,3W BEND,,IZ BEND WK OPT HOTEL,RPO,Rush,Run,,,,-1,LVL,30,BANDIT,,,5M,10,
4,-3,,12,1,0,0,10,0&10,-54,Open Field (-40 to 40),R,CONU,15,32,G0,,,IZ LOCK ST OPT OHIO-GO,RPO,,Run,,,,6,SHER,NICKEL 30,OUT,QAN,,4,44,
4,-8,4 MIN,13,1,0,0,10,0&10,-54,Open Field (-40 to 40),M,CONU,24 BIG,32 TEW,G0,3S EDGE,,JET PINNER ST,RUN,,Run,,,,-6,SHER,NICKEL 30,TRIO,CHASE ST,JET,6,0,
2,-3,2 MIN,8,2,0,2,1,2&2-,-44,Open Field (-40 to 40),L,CONU,15,32,G0,3S BEND,,IZ BEND ST,RUN,,Run,,,,-2,MCGILL,40,JOKER,TAR MIX,,6,BLACK PEEL,
2,-6,2 MIN,7,1,0,0,10,0&10,-52,Open Field (-40 to 40),R,CONU,15,32,G0,1W ZIPPER,,IZ LOCK ST OPT OHIO,RPO,Complete,Pass,,,CURL WK,13,UDM,40,TEXAS,,,4,44,
2,-21,2 MIN,11,1,0,0,10,0&10,-51,Open Field (-40 to 40),L,CONU,15,32,G0,,60 SOLID,"AUBURN, MIAMI",QUICK,Complete,Pass,,,FLAT WK,2,MCGILL,30,BANDIT,,,3,HALO,
1,0,,2,5,2,2,1,2&2-,40,Open Field (-40 to 40),R,CONU,15,32,G0,,,OZ WK,RUN,Rush,Run,HOTEL ST (# & LEVERAGE),,,-3,UDM,40,TRIO,CHASE WK,,5M,10,
1,0,,4,1,0,0,10,0&10,-51,Open Field (-40 to 40),M,CONU,15,23,G0,,60 SLIDE WK,"OKLAHOMA Y-POST, SILVA",DROPBACK,Complete,Pass,,,FLAT ST,38,SHER,NICKEL 40,IN,,,4,35,
2,0,,5,3,1,2,2,2&2-,-53,Open Field (-40 to 40),M,CONU,15,32,G0,,PA 60,"AUBURN, JONES",PA POCKET,Incomplete,Pass,,,HOOK ST,0,UDM,40,TRIO,MIX,,5M,10,
1,-10,,3,3,0,2,2,2&2-,-43,Open Field (-40 to 40),R,CONU,15,32,G0,3S BEND,,IZ BEND ST OPT MIAMI,RPO,,Run,,,,1,MCGILL,40,EVEN,,MOW,6,BLACK PEEL,
2,-4,,4,1,0,0,10,0&10,-50,Open Field (-40 to 40),R,CONU,15,32,G0,,,IZ LOCK ST OPT APACHE,RPO,Rush,Run,"HOSS ST (EDGE CONTROL, LEVERAGE)",,,3,UDM,40,EVEN,,,4,44,
2,-18,,7,1,0,0,10,0&10,-50,Open Field (-40 to 40),R,CONU,15,32,G0,,60 SLIDE STR,HOTEL,QUICK,Interception,Pass,,,FLAT ST,-30,MCGILL,40,GAP,SCREAM,,4,SNIFF,
2,-3,2 MIN,9,1,0,0,10,0&10,-50,Open Field (-40 to 40),L,CONU,15,32,G0,"T SCAT ST, 2W JET",,JET SWEEP ST OPT SEATTLE,RPO,,Run,,,,-5,MCGILL,40,IN,ITALIAN,,4,RED CHECK,
2,3,,5,1,0,0,10,0&10,-49,Open Field (-40 to 40),M,CONU,15,32,G0,,,G LEAD ST,RUN,,Run,HOTEL WK (# & LEVERAGE),,,7,MCGILL,40,GAP SWITCH,,,4,ROCKSTAR,
3,7,,10,1,0,0,10,0&10,34,Field Goal Fringe (39 to 21),R,CONU,15,32,G0,2W JET,,JET FOLD ST,RUN,Penalty,Run,,,,0,SHER,40,STRONG,,,4,44,
1,0,,3,5,2,1,10,1&10,-52,Open Field (-40 to 40),M,CONU,15,32,G0,2W ORBIT ST,60 SOLID,ORBIT SCREEN ST PUMP DOUBLE PASS,SPECIAL,Incomplete,Pass,,,DEEP 1/3 ST,0,UDM,40,TRIO,,SAW,5S,1,
3,7,,10,2,0,1,15,1&11+,39,Field Goal Fringe (39 to 21),R,CONU,15,32,G0,,60 SOLID,"FLORIDA, HANK",QUICK,Complete,Pass,,,CURL ST,9,SHER,40,DEEP TRIO,CHASE WK,JET,5S,34,
2,-19,,5,3,2,1,10,1&10,-51,Open Field (-40 to 40),R,CONU,15,32,G0,"2W YOYO, 3S BEND",,IZ BEND ST OPT FLAT SCREEN,RPO,Complete,Pass,,,FLAT WK,0,LVL,40,WEAK,,,4,MATCH,
1,0,,2,2,1,1,10,1&10,-50,Open Field (-40 to 40),R,CONU,15,41,G0,,,OZ ST,RUN,Rush,Run,"HITCH SCREEN ST (#), SEATTLE (CB LEVERAGE)",,,7,UDM,40,TRIO,,,5M,1,
3,7,,10,1,2,1,3,1&9-,3,Goal Line (4 to 1),R,CONU,15,32,G0,3S BEND,,OZ ST,RUN,"Rush, TD",Run,"ZOOM WK (LEVERAGE, EDGE)",,,3,SHER,40,STRONG,,MOW,6,0,
1,-10,,3,4,0,3,1,3&2-,-44,Open Field (-40 to 40),R,CONU,15,32,G0,3S BEND,,IZ BEND ST OPT MIAMI,RPO,,Run,,,,2,MCGILL,40,STOP,,,6,ZORRO,
3,5,,12,5,2,1,10,1&10,-50,Open Field (-40 to 40),R,CONU,15,32,GW,,60 SOLID,"FLORIDA TRADE, JONES",QUICK,Complete,Pass,,,CURL ST,8,SHER,40,DEEP TRIO,DBL CHASE,,5M,10,
4,5,,15,3,1,1,10,1&10,-49,Open Field (-40 to 40),R,CONU,15,32,G0,,,OZ WK,RUN,Penalty,Run,BUBBLE SCREEN ST (#),,,0,SHER,NICKEL 40,OUT,,,4,35,
2,-3,,4,3,1,1,10,1&10,-49,Open Field (-40 to 40),M,CONU,15,32,G0,,,OZ ST,RUN,Rush,Run,"OHIO (#, LEVERAGE)",,,2,UDM,40,EVEN,,,4,44 DC,
2,-3,,5,1,0,0,10,0&10,-46,Open Field (-40 to 40),R,CONU,15,32,G0,,,IZ LOCK ST OPT ZOOM,RPO,,Run,BUBBLE SCREEN ST (#),,,5,SHER,NICKEL 30,EVEN,MAT,,5M,MATCH,
3,-13,,9,1,0,0,10,0&10,-45,Open Field (-40 to 40),R,CONU,15,32,G0,,,IZ LOCK ST OPT HOTEL,RPO,Complete,Pass,HOTEL ST (# & LEVERAGE),,CURL ST,5,SHER,NICKEL 30,IN,,,4,35 DC,
1,-7,,2,3,1,1,10,1&10,-49,Open Field (-40 to 40),R,CONU,15,32,G0,,,G LEAD ST OPT ESSO,RPO,Complete,Pass,FLORIDA TRADE (LEVERAGE),,FLAT ST,8,MCGILL,40,GAP SWITCH,,,4,ROCKSTAR,
2,0,,7,2,1,1,10,1&10,-49,Open Field (-40 to 40),R,CONU,15,32,G0,,,G LEAD WK OPT ESSO,RPO,,Run,FLORIDA WK (# & LEVERAGE),,,3,MCGILL,40,JOKER,,,4,DEUCES,
3,5,,12,6,2,2,2,2&2-,52,Open Field (-40 to 40),L,CONU,15,32,G0,2W BEND,PA 60,"IZ BEND WK PA NASCAR, MIAMI",PA POCKET,Incomplete,Pass,,,POST,0,SHER,40,EAGLE,,,5S,0,
3,-10,OPENERS 2ND,6,3,1,1,10,1&10,-48,Open Field (-40 to 40),L,CONU,15,32,G0,,,IZ ST LOCK OPT HOTEL,RPO,,Run,,,,6,SHER,NICKEL 30,IN,,,4,44 WC,
4,-2,,12,1,0,0,10,0&10,-45,Open Field (-40 to 40),R,CONU,15,32,G0,,PA 60,RACE R-HOTEL,PA POCKET,Penalty,Pass,,,DEEP 1/3 WK,0,UDM,40,TRIO,DBL CHASE,,5M,10,
3,-10,OPENERS 2ND,6,4,1,2,4,2&3-6,-54,Open Field (-40 to 40),L,CONU,15,32,G0,,PA 60,"HOTEL, FLORIDA",PA POCKET,Incomplete,Pass,,,DEEP 1/3 WK,0,SHER,NICKEL 30,STETSON,WHIP,,5M,10,
2,-6,,4,3,1,1,10,1&10,-48,Open Field (-40 to 40),L,CONU,15,41,G0,,,IZ LOCK ST OPT SEATTLE,RPO,,Run,BUBBLE SCREEN ST (#),,,7,SHER,NICKEL 30,EVEN,,,4,35 WC,
3,-13,,9,2,0,2,5,2&3-6,-50,Open Field (-40 to 40),L,CONU,15,23 XZ,GS,,60 SOLID,"JONES, SILVA",DROPBACK,Complete,Pass,,,FLAT ST,22,SHER,NICKEL 30,OUT,"TAR, NAQ",,4,35 TOUGH WK,
2,-11,,6,6,0,0,10,0&10,-44,Open Field (-40 to 40),R,CONU,15,41,G0,"4S BOMBER, T SCAT WK",61 BOMBER SOLID,"NASCAR, JONES",DROPBACK,Sack,Pass,,,,-1,MCGILL,40,50,,WEASEL,5W,HOLD,
1,-7,,2,4,1,2,2,2&2-,53,Open Field (-40 to 40),L,CONU,15,14,G0,1S ZIPPER,50 SOLID,"FLAT SCREEN ST, HITCH SCREEN WL",PERIMETER SCREEN,Complete,Pass,,,FLAT ST,4,MCGILL,40,JOKER,,,4,GREEN CUTTER,CHECK: BUZZER
2,-18,,8,3,1,2,3,2&3-6,-42,Open Field (-40 to 40),L,CONU,15,32,G0,3S BEND,,IZ BEND WK READ FLAT SCREEN,RPO,,Run,,,,14,MCGILL,30,BANDIT,,MOB,6,BLACK PEEL,
1,-5,,2,2,0,2,3,2&3-6,-41,Open Field (-40 to 40),L,CONU,15,32,G0,2W EDGE,PA 60,IZ ST OPT SEATTLE,RPO,Sack,Pass,HOTEL ST (# & LEVERAGE),,,-5,LVL,NICKEL 30,STETSON JET,,,6,1,
3,-13,,9,5,2,1,10,1&10,18,Red Zone (20 to 11),M,CONU,15,32,G0,,,IZ LOCK WK OPT HOSS,RPO,Complete,Pass,"HOSS WK (EDGE, LEVERAGE)",,FLAT WK,8,SHER,NICKEL 30,EVEN,,MOW FIRE,5M,34,
1,0,,2,3,1,2,3,2&3-6,53,Open Field (-40 to 40),L,CONU,15,32,G0,3S BEND,,IZ BEND ST OPT MIAMI,RPO,Complete,Pass,MIAMI WK (HB LEVERAGE),,FLAT WK,4,UDM,40,EVEN,,MOW,6,10,
1,-10,,3,5,1,1,10,1&10,-46,Open Field (-40 to 40),R,CONU,15,41,G0,,60 SOLID,JONES-NASCAR,DROPBACK,Penalty,Pass,,,DEEP 1/3 WK,15,MCGILL,40,IN,ST BANG,,4,ROTATE,
3,7,,10,4,1,1,10,1&10,20,Red Zone (20 to 11),R,CONU,15,32,G0,,,IZ LOCK ST OPT ZOOM,RPO,Complete,Pass,BUBBLE SCREEN ST (#),,CURL WK,17,SHER,NICKEL 40,STETSON SHIFT,,,5M,34 DC,
1,-3,,2,2,1,1,10,1&10,-46,Open Field (-40 to 40),L,CONU,15,41,G0,"4S BOMBER, T SCAT WK",60 BOMBER SOLID,"AUBURN, COD",DROPBACK,Incomplete,Pass,,,DEEP 1/3 WK,0,SHER,40,DEEP EAGLE,,,5M,10,
2,-6,,4,4,1,2,3,2&3-6,55,Open Field (-40 to 40),R,CONU,15,41,G0,4S BEND,,IZ BEND ST OPT SEATTLE,RPO,Complete,Pass,BUBBLE SCREEN ST (#),,,18,SHER,NICKEL 30,STETSON,,SAW,5S,34 SC LOCK WK,
2,0,2 MIN,8,2,1,1,10,1&10,-46,Open Field (-40 to 40),L,CONU,15,32,G0,,60 SOLID,AUBURN,DROPBACK,"Complete, TD",Pass,,,DEEP 1/3 WK,64,SHER,NICKEL 40,WEAK,,,4,44,
3,-6,,10,2,0,2,2,2&2-,-36,Coming Out (-20 to -39),R,CONU,15,32,G0,,,OZ WK,RUN,Rush,Run,,,,-1,UDM,40,TRIO,CHASE WK,,5M,10,
4,5,,13,1,0,0,10,0&10,-40,Open Field (-40 to 40),R,CONU,15,23,G0,,,IZ LOCK WK OPT ZOOM,RPO,Complete,Pass,,,CURL ST,18,SHER,40,STRONG,,,4,35 DC,
2,0,,5,2,1,1,10,1&10,-45,Open Field (-40 to 40),R,CONU,15,32,G0,3S BEND,,IZ LOCK ST BLAST,RPO,Rush,Run,,,,8,UDM,40,EVEN,,,4,44 WC,
3,-6,OPENERS 2ND,8,1,0,0,10,0&10,-38,Coming Out (-20 to -39),L,CONU,15,32,G0,2W REACH,,T-LEAD OPT SEATTLE,RPO,Rush,Run,,,,5,UDM,40,EVEN,SMACK,,5M,1,
4,-3,,12,2,0,2,4,2&3-6,50,Open Field (-40 to 40),L,CONU,15,41,G0,,,IZ LOCK ST OPT SEATTLE,RPO,Incomplete,Pass,BUBBLE SCREEN ST (#),,CURL WK,0,SHER,NICKEL 30,STETSON,,MOB,6,10,
2,-4,,4,3,0,3,1,3&2-,51,Open Field (-40 to 40),L,CONU,33 JUMBO,32 DT DW +SING,0,T EDGE ST,,APEX ST,RUN,Rush,Run,,,,0,UDM,40,GAPS,,,6,0,
2,-21,2 MIN,11,2,0,2,4,2&3-6,53,Open Field (-40 to 40),L,CONU,15,32,G0,,,IZ LOCK ST OPT HOTEL,RPO,Complete,Pass,,,CURL WK,21,MCGILL,30,BANDIT,,BUSTER,6,BLACK PEEL,
2,-3,,5,2,0,2,5,2&3-6,-51,Open Field (-40 to 40),R,CONU,15,32,G0,,,IZ ST LOCK OPT SEATTLE,RPO,,Run,,,,12,SHER,NICKEL 30,EVEN,"TAR, QAN",,4,35 TOUCH WK,
3,-6,,9,1,0,0,10,0&10,-38,Coming Out (-20 to -39),R,CONU,15,32,G0,2W BEND,,IZ BEND WK,RUN,Rush,Run,"HOTEL ST (LEVERAGE), SEATTLE (TRACK & LEVERAGE)",,,3,UDM,40,EVEN,"NQ, TAR",,4,44 WC,
3,1,,9,1,0,0,10,0&10,-35,Coming Out (-20 to -39),L,CONU,15,32,GW,"1S, 1W ZIPPER",60 SOLID,"FLORIDA TRADE, AUBURN",DROPBACK,Complete,Pass,,,CURL ST,13,UDM,40,EVEN,,,4,44,
3,1,,8,1,0,0,10,0&10,-32,Coming Out (-20 to -39),R,CONU,15,32,G0,,,G LEAD ST OPT ZOOM,RPO,Incomplete,Pass,BUBBLE SCREEN ST (#),,CURL WK,0,UDM,40,TRIO,WHIP,,5M,10,
2,-6,,4,2,0,2,5,2&3-6,-40,Open Field (-40 to 40),R,CONU,15,32,G0,,,IZ LOCK ST OPT MIAMI,RPO,,Run,BUBBLE SCREEN ST (#),,,8,SHER,NICKEL 30,STETSON MUG JET,,SAW,5S,43,
4,-2,,10,4,1,1,10,1&10,-45,Open Field (-40 to 40),R,CONU,15,32,G0,3S BEND,PA 60,"TWIX, APACHE",PA POCKET,Complete,Pass,,,CURL WK,20,UDM,40,EVEN,,,4,44,
2,-21,,7,5,3,1,10,1&10,-42,Open Field (-40 to 40),M,CONU,15,32,G0,2W REACH,,IZ ST,RUN,Rush,Run,"HOSS ST (EDGE CONTROL, LEVERAGE)",,,2,LVL,40,STRONG,,JET WK,5W,34,
1,-7,,3,1,0,1,10,1&10,-42,Open Field (-40 to 40),R,CONU,15,32,G0,2W JET,,JET SWEEP ST,RUN,,Run,,,,3,MCGILL,40,GAP,,,4,HALO,
4,-15,,15,2,1,1,10,1&10,-41,Open Field (-40 to 40),R,CONU,15,32,G0,1W ZIP,60 SOLID,"FLORIDA Z-POST, RACE",DROPBACK,Incomplete,Pass,,,SEAM WK,0,MCGILL,30,BANDIT,,,3,TEFFLON FLY,
4,-2,2 MIN,16,3,1,2,5,2&3-6,40,Open Field (-40 to 40),R,CONU,15,32,GW,,60 SOLID,CHOPPER,DROPBACK,Complete,Pass,,,HOOK ST,12,SHER,NICKEL 40,STETSON,,,3,36 DC,
2,0,,3,11,4,2,5,2&3-6,45,Open Field (-40 to 40),M,CONU,15,32,G0,,60 SOLID,"FLORIDA, ARROW",QUICK,Incomplete,Pass,,,CURL ST,0,UDM,40,TRIO,DBL CHASE,,5M,10,
3,-6,,10,1,0,0,10,0&10,-28,Coming Out (-20 to -39),L,CONU,15,32,G0,,,IZ LOCK ST OPT HOTEL,RPO,Rush,Run,,,,8,UDM,40,EVEN,"RN, QT",,4,44 DC,
2,3,,5,2,0,2,5,2&3-6,54,Open Field (-40 to 40),R,CONU,15,41,G0,,60 SOLID,"HOSS, RACE",DROPBACK,Interception,Pass,,,POST,-27,MCGILL,40,WILLY,,WILLY,5M,WILLY,CHECK: BUZZER
1,-7,,2,2,0,2,6,2&3-6,-40,Open Field (-40 to 40),R,CONU,15,23,G0,,60 SOLID,"SEATTLE, HOTEL",QUICK,Interception,Pass,,,CURL WK,-5,MCGILL,40,MUDDLE,,MYSTICAL,6,BLACK PEEL,
1,0,,3,4,1,2,6,2&3-6,-40,Open Field (-40 to 40),R,CONU,15,32,G0,1W ZIPPER,60 SLIDE STR,"FLORIDA TRADE, TWIX",QUICK,Complete,Pass,,,HOOK ST,12,UDM,40,BANDIT,,,4,44 DC,
2,0,,3,9,3,2,6,2&3-6,41,Open Field (-40 to 40),M,CONU,15,32,G0,,60 SOLID,"RACE R-HOTEL, AUBURN X-SWIRL",DROPBACK,Sack,Pass,,,,-9,UDM,40,TRIO,,,3,2 MAN,
3,-6,OPENERS 2ND,7,1,0,0,10,0&10,-28,Coming Out (-20 to -39),R,CONU,15,32,G0,,,IZ LOCK ST OPT JONES,RPO,Rush,Run,HOTEL ST (# & LEVERAGE),,,3,UDM,40,EVEN,,,4,44,
2,-4,,4,2,0,2,7,2&7+,-53,Open Field (-40 to 40),M,CONU,15,32,G0,,60 SOLID,"AUBURN, JONES",DROPBACK,Complete,Pass,,,FLAT WK,6,UDM,40,EVEN,"RN, QT",,4,44 DC,
2,0,,7,3,1,2,7,2&7+,-52,Open Field (-40 to 40),R,CONU,15,32,GW,,60 SOLID,"RACE R-FLAT, OKLAHOMA",DROPBACK,"Sack, Fumble",Pass,,,,-17,MCGILL,40,JOKER,RAT WIN,,6,BLACK PEEL,
1,-7,,3,2,0,2,7,2&7+,-45,Open Field (-40 to 40),L,CONU,15,32,GW,T SCAT WK,50 SOLID,"ESSO, JONES",DROPBACK,Complete,Pass,,,SEAM WK,37,MCGILL,30,BANDIT,,SAW,5S,HOLD,
3,-6,OPENERS 2ND,7,2,0,2,7,2&7+,-31,Coming Out (-20 to -39),R,CONU,15,32,GW,,60 SOLID,CHOPPER,DROPBACK,Complete,Pass,,,CURL WK,14,UDM,40,BANDIT,,,4,44,
2,-6,2 MIN,7,3,1,2,7,2&7+,42,Open Field (-40 to 40),R,CONU,15,32,G0,,60 SOLID,"NASCAR Z-APACHE, CADBURY",DROPBACK,Complete,Pass,,,HOOK WK,11,UDM,40,EVEN,SMACK,,5M,10,
3,1,,8,2,0,2,15,2&7+,-23,Coming Out (-20 to -39),L,CONU,15,32,GW,FREEZE,60 SOLID,CHOPPER,DROPBACK,Incomplete,Pass,,,FLAT WK,0,UDM,40,EVEN,"TAR, NOSE",,4,44,
2,-3,,4,4,1,2,8,2&7+,-51,Open Field (-40 to 40),M,CONU,15,32,GW,,60 SLIDE STR,HOTEL PUMP,DROPBACK,Complete,Pass,QB AUDIBLE VS STING,,DEEP 1/3 WK,51,UDM,40,TRIO JET,,SAW,5S,1,
1,-3,,2,5,2,2,8,2&7+,46,Open Field (-40 to 40),L,CONU,15,32,G0,3S BOMBER,70 BOMBER SOLID,"AUBURN, APACHE",DROPBACK,Incomplete,Pass,,,CURL WK,0,SHER,NICKEL 40,STETSON JET,,,7,0,
1,-10,,3,7,2,2,9,2&7+,48,Open Field (-40 to 40),R,CONU,15,32 WIDE BUNCH ST,G0,2S ZOOM,60 SLIDE WK,"NASCAR, JONES",DROPBACK,Complete,Pass,,,SEAM ST,18,MCGILL,30,BANDIT,,,3,TEFFLON FLY,
3,-6,OPENERS 2ND,7,5,3,2,1,2&2-,31,Field Goal Fringe (39 to 21),R,CONU,15,32,GW,"1S ZIP, 1W ZIPPER",60 SOLID,"FLORIDA TRADE, TWIX",QUICK,Complete,Pass,,,HOOK ST,4,UDM,40,TRIO,MIX,,5M,10,
3,-6,OPENERS 2ND,7,6,4,1,10,1&10,27,Field Goal Fringe (39 to 21),L,CONU,15,32,G0,,,IZ ST READ OHIO-GO,RPO,Complete,Pass,,,FLAT WK,7,UDM,40,BANDIT,,,4,44 DC,
2,-19,,5,4,2,2,10,2&7+,-51,Open Field (-40 to 40),R,CONU,15,23,G0,FREEZE,60 SOLID,"JONES, AUBURN",DROPBACK,Complete,Pass,,,CURL WK,18,LVL,NICKEL 30,STETSON MUG,,,5M,34,
3,-6,OPENERS 2ND,8,3,0,3,1,3&2-,-47,Open Field (-40 to 40),L,CONU,15,32,G0,2W BEND,,IZ BEND ST,RUN,Rush,Run,"HOTEL ST (LEVERAGE), SEATTLE (TRACK & LEVERAGE)",,,5,UDM,40,TRIO,STRIP,,5M,1,
1,-3,,2,3,1,2,10,2&7+,-46,Open Field (-40 to 40),L,CONU,15,32,GW,,60 SLIDE STR,"FLORIDA TRADE, TWIX",QUICK,Complete,Pass,,,HOOK WK,16,SHER,40,DEUCE,,,6,33,
4,-15,,15,3,1,2,10,2&7+,-41,Open Field (-40 to 40),R,CONU,15,32 WIDE BUNCH ST,G0,2S ZOOM,61 SOLID,"NASCAR, JONES",DROPBACK,Sack,Pass,,,,-9,MCGILL,30,BANDIT,,SAW,5S,HOLD,
3,-6,OPENERS 2ND,8,4,1,1,10,1&10,-52,Open Field (-40 to 40),L,CONU,15,41,G0,,PA 60,"ZR-VIRGINIA, OHIO",QUICK,Incomplete,Pass,,,FLAT WK,0,UDM,40,STETSON,,SAW,5S,1,
3,-6,,9,4,1,1,10,1&10,-51,Open Field (-40 to 40),L,CONU,15,32,G0,,60 SOLID,"AUBURN, CADBURY",QUICK,Incomplete,Pass,,,HOOK WK,0,UDM,40,STETSON,,SAW,5S,43,
1,0,,3,7,2,2,11,2&7+,-50,Open Field (-40 to 40),M,CONU,15,32,GS,1W ZIPPER,60 SLIDE WK,"NASCAR, JONES",DROPBACK,Scramble,Pass,,,,15,UDM,40,BANDIT,,,4,44,
2,-11,,6,6,0,2,11,2&7+,-43,Open Field (-40 to 40),R,CONU,15,41,G0,,60 SLIDE WK,"SILVA, RACE",DROPBACK,Incomplete,Pass,,,DEEP 1/3 WK,0,MCGILL,30,BANDIT,,SAW,5S,HOLD,
3,-6,,9,3,0,3,1,3&2-,-47,Open Field (-40 to 40),L,CONU,15,32,G0,2W BEND,,IZ BEND ST,RUN,Rush,Run,"HOTEL ST (LEVERAGE), SEATTLE (TRACK & LEVERAGE)",,,4,UDM,40,EVEN,,MOW,6,1,
4,-2,,12,2,1,1,10,1&10,40,Open Field (-40 to 40),R,CONU,15,32,G0,,,IZ LOCK ST OPT HITCH SCREEN WK,RPO,Penalty,Pass,"HOSS ST (EDGE CONTROL, LEVERAGE)",,CURL ST,-5,UDM,40,TRIO,,,6,43,
4,-2,2 MIN,13,6,2,3,4,3&3-6,-54,Open Field (-40 to 40),M,CONU,15,23,G0,3W BEND,60 SOLID,"APACHE, AUBURN",PA POCKET,Incomplete,Pass,,,HOLE,0,UDM,40,TRIO,,,3,45 DC,
2,-19,,5,5,3,1,10,1&10,41,Open Field (-40 to 40),R,CONU,15,32,G0,1W ZIP,,IZ LOCK ST OPT SEAHAWKS,RPO,Rush,Run,,,,3,LVL,40,WEAK,,,4,0 BRACKET WK,
3,1,,9,2,1,1,10,1&10,-48,Open Field (-40 to 40),R,CONU,15,32,G0,3S BLAST,,IZ LOCK ST BLAST OPT HITCH SCREEN,RPO,Rush,Run,,,,7,UDM,40,EVEN,,,4,44 DC,
4,5,,13,3,2,1,10,1&10,41,Open Field (-40 to 40),R,CONU,15,32,G0,2W BEND,PA 70,IZ BEND WK TRACK SEATTLE,RPO,Complete,Pass,BUBBLE SCREEN ST (#),,CURL WK,8,SHER,40,OUT,SMACK,,5M,10,
2,-6,2 MIN,7,2,1,1,10,1&10,45,Open Field (-40 to 40),R,CONU,15,32,G0,,,IZ LOCK ST OPT JONES,RPO,Rush,Run,,,,3,UDM,40,EVEN,,,4,44 WC,
3,1,,9,3,1,2,3,2&3-6,55,Open Field (-40 to 40),R,CONU,15,41,G0,4S 3S BEND,,IZ BEND ST READ FLORIDA,RPO,Rush,Run,,,,7,UDM,40,TRIO,,SAW,5S,43,
1,0,,3,8,3,1,10,1&10,45,Open Field (-40 to 40),L,CONU,15,32,G0,"FREEZE, 2W REACH",,IZ ST OPT SEATTLE,RPO,Rush,Run,,,,4,UDM,40,BANDIT,,,3,45,
4,-2,,10,5,2,1,10,1&10,45,Open Field (-40 to 40),R,CONU,15,32,G0,2W REACH,,OZ WK,RUN,Rush,Run,"HOSS ST (EDGE CONTROL, LEVERAGE)",,,6,UDM,40,TRIO,,SAW,5S,42,
4,-3,,12,3,1,1,10,1&10,45,Open Field (-40 to 40),L,CONU,15,32,GW,,60 SOLID,HOTEL PUMP,QUICK,Complete,Pass,,,DEEP 1/3 WK,41,SHER,NICKEL 30,50,TAM,,6,10,
1,0,,3,6,2,2,13,2&7+,-52,Open Field (-40 to 40),M,CONU,15,32,GW,,60 SOLID,"HOTEL, FLORIDA",QUICK,Complete,Pass,,,CURL WK,-2,UDM,40,TRIO,STRIP,,5M,43,
3,-6,OPENERS 2ND,7,3,1,1,10,1&10,-45,Open Field (-40 to 40),R,CONU,15,32,GW,,60 SOLID,RACE R-HOTEL,DROPBACK,Complete,Pass,,,SWING WK,25,UDM,40,TRIO,DBL CHASE ACROSS,,5M,10,
4,-2,2 MIN,16,2,1,1,10,1&10,47,Open Field (-40 to 40),M,CONU,15,23,GS,,60 SLIDE WK,"SILVA, JONES",DROPBACK,Complete,Pass,,,FLAT ST,12,SHER,NICKEL 40,STRONG,,,4,44,
2,-3,,5,3,1,1,10,1&10,47,Open Field (-40 to 40),L,CONU,15,41,G0,,,IZ ST LOCK OPT SEATTLE,RPO,,Run,BUBBLE SCREEN ST (#),,,10,SHER,NICKEL 30,OUT,TAM,,5M,10,
2,-3,2 MIN,9,3,0,2,15,2&7+,-45,Open Field (-40 to 40),L,CONU,15,32,G0,,60 SOLID,RACE R-FLAT,DROPBACK,Sack,Pass,,,,-1,MCGILL,30,BANDIT,,MILF,6,BLACK PEEL,
4,-2,2 MIN,13,5,2,2,15,2&7+,-43,Open Field (-40 to 40),M,CONU,15,32,GW,,,DRAW ST,SCREEN/DRAW,Rush,Run,R-SAIL,ESSO (WILL),,12,UDM,40,TRIO,STRIP,,5M,43,
2,-18,,7,3,1,1,10,1&10,48,Open Field (-40 to 40),R,CONU,15,32,G0,,PA 60,"AUBURN, JONES",PA POCKET,Complete,Pass,,,POST,27,LVL,30,BANDIT MUG,,,3,36,
1,-3,,2,4,2,1,10,1&10,48,Open Field (-40 to 40),L,CONU,15,32,G0,,,IZ ST READ HITCH SCREEN WK,RPO,Rush,Run,BUBBLE SCREEN ST (#),,,2,SHER,40,OUT,SMACK,,5M,10,
2,3,,7,2,1,1,10,1&10,48,Open Field (-40 to 40),R,CONU,15,32,G0,,,IZ LOCK ST OPT APACHE,RPO,Complete,Pass,BUBBLE SCREEN ST (#),FTF,CURL WK,0,SHER,NICKEL 40,STETSON,,,5M,10,
3,-6,OPENERS 2ND,8,2,0,2,5,2&3-6,-43,Open Field (-40 to 40),M,CONU,15,32,G0,,60 SOLID,HOTEL,QUICK,Complete,Pass,,,FLAT ST,4,UDM,40,TRIO,,,3,21 MAN,
1,0,,2,4,2,1,10,1&10,49,Open Field (-40 to 40),L,CONU,15,32,G0,,PA 60,"AUBURN, JONES",PA POCKET,Scramble,Pass,,,,9,UDM,40,EVEN,,,4,44,
4,-6,,11,1,0,0,10,0&10,41,Open Field (-40 to 40),L,CONU,15,41,G0,,PA 60,IZ LOCK ST PA SEATTLE PUMP,PA POCKET,Incomplete,Pass,BUBBLE SCREEN ST (#),,DEEP 1/3 WK,0,SHER,NICKEL 30,EVEN,,MOW,4,11,
1,0,,2,6,2,3,4,3&3-6,43,Open Field (-40 to 40),R,CONU,15,32,G0,,,IZ LOCK ST OPT ESSO,RPO,Incomplete,Pass,,,CURL WK,0,UDM,40,TRIO,,,3,21 MAN,
3,1,,9,5,2,2,6,2&3-6,44,Open Field (-40 to 40),L,CONU,15,32,GW,1S ZIPPER,60 SLIDE STR,HOSS,QUICK,Incomplete,Pass,,,FLAT WK,0,UDM,40,TRIO,WHACK,,4,2 MAN,
1,-10,,3,6,2,1,10,1&10,49,Open Field (-40 to 40),R,CONU,15,32,G0,3S BEND,,COUNTER BEND WK,RUN,,Run,,,,1,MCGILL,40,CB DEEP,RUN/ATTACK,,5M,HOLD MATCH,
1,-7,,2,5,2,1,10,1&10,49,Open Field (-40 to 40),R,CONU,15,32,G0,,PA 60 SLIDE ST,"IZ ST PA SILVA, ESSO",PA POCKET,Interception,Pass,,,DEEP 1/3 ST,-19,MCGILL,40,GAP SWITCH,,,4,ROCKSTAR,
2,0,,3,10,4,1,10,1&10,50,Open Field (-40 to 40),R,CONU,15,32,G0,"FREEZE, 3S BEND",,IZ BEND ST OPT ZOOM,RPO,Rush,Run,,,,5,UDM,40,TRIO,WHIP,,5M,10,
4,5,,13,2,1,1,10,1&10,52,Open Field (-40 to 40),M,CONU,15,32,G0,"2W JET, 3S EDGE",,JET PINNER ST,RUN,Rush,Run,,,,6,SHER,40,DEEP TRIO,,SAW,5S,34,
1,-14,,4,2,1,1,10,1&10,53,Open Field (-40 to 40),R,CONU,15,41,G0,,60 SOLID,"FLORIDA TRADE, RACE",DROPBACK,Sack,Pass,,,,-8,LVL,40,STRONG,WK BANG,,4,MATCH,
2,-18,,8,4,2,1,10,1&10,54,Open Field (-40 to 40),R,CONU,15,32,G0,2W REACH,,IZ ST OPT SEATTLE,RPO,Complete,Pass,,,CURL WK,17,MCGILL,40,RS,,HAMMER,3,DROP,
3,-6,,9,2,0,2,7,2&7+,-41,Open Field (-40 to 40),M,CONU,15,32,G0,,60 SOLID,"Z-VIRGINIA, JONES",DROPBACK,Complete,Pass,,,FLAT ST,6,UDM,40,EVEN,TAN,,4,44 WC,
3,-6,OPENERS 2ND,8,5,1,2,10,2&7+,-52,Open Field (-40 to 40),L,CONU,15,32,G0,1W ZIP,50 SOLID,"JONES R-OKLAHOMA, AUBURN",DROPBACK,Complete,Pass,,,CURL ST,11,UDM,40,EVEN,"NQ, TAR",,4,44 DC,
2,-3,2 MIN,9,2,0,1,15,1&11+,-45,Open Field (-40 to 40),L,CONU,15,32,G0,2W JET,PA 60 SOLID,NASCAR,PA POCKET,Incomplete,Pass,,,CURL WK,0,MCGILL,40,GAP SWITCH,,,4,SNIFF ROB,
4,-2,,10,7,2,2,15,2&7+,50,Open Field (-40 to 40),R,CONU,15,32,G0,1W ZIPPER,60 SOLID,R MESH Z,DROPBACK,Complete,Pass,,,HOOK ST,9,UDM,40,TRIO,,"CHASE STR, CHILI",5M,43,
4,-2,2 MIN,13,4,2,1,15,1&11+,-43,Open Field (-40 to 40),M,CONU,15,32,GW,,60 SLIDE STR,"RACE R-HOTEL, OKLAHOMA",DROPBACK,Incomplete,Pass,,,FLAT WK,0,UDM,40,TRIO,,,6,42,
4,-2,,12,3,1,1,15,1&11+,45,Open Field (-40 to 40),R,CONU,15,32,G0,FREEZE,60 SOLID,CHOPPER,DROPBACK,Complete,Pass,,,FLAT WK,22,UDM,40,BANDIT,,,4,44,
4,-8,4 MIN,13,2,0,2,16,2&7+,-48,Open Field (-40 to 40),L,CONU,15,32,G0,2W REACH,,IZ ST,RUN,Penalty,Run,,,,5,SHER,NICKEL 30,TRIO,SLANT ST,JET WK,6,0,
2,3,,7,3,1,1,20,1&11+,-52,Open Field (-40 to 40),R,CONU,15,41,G0,"4S BOMBER, T SCAT WK",60 BOMBER SLIDE WK,"AUBURN, COD",DROPBACK,Complete,Pass,,,DEEP 1/3 WK,26,SHER,40,IN,,BEAMER,4,44,
1,-14,,4,3,1,2,18,2&7+,-49,Open Field (-40 to 40),R,CONU,15,32,GW,,60 SCREEN WK,"FLORIDA, WHEEL",DROPBACK,Complete,Pass,,,HOOK WK,7,LVL,NICKEL 30,STETSON JET,,,6,10,
3,-6,,9,5,1,2,10,2&7+,-51,Open Field (-40 to 40),L,CONU,15,32,G0,,50 SOLID,"Z-VIRGINIA, PLUNGE",DROPBACK,Incomplete,Pass,,,CURL WK,0,UDM,40,EVEN,"NQ, TAR",,4,44,
2,-18,,8,7,3,2,20,2&7+,46,Open Field (-40 to 40),R,CONU,15,41,G0,"FREEZE, 1S ZIPPER",60 SOLID,"AUBURN Z-FLAT Y-DIG, RACE",DROPBACK,Complete,Pass,,,MID SCR,-2,MCGILL,40,RS,,HAMMER,3,DROP,
3,-6,OPENERS 2ND,8,7,2,2,10,2&7+,47,Open Field (-40 to 40),R,CONU,15,32,G0,,60 SOLID,"JONES, AUBURN",DROPBACK,Incomplete,Pass,,,DEEP 1/3 ST,0,UDM,40,TRIO,,,3,21 MAN,
2,-18,,8,6,3,1,20,1&11+,46,Open Field (-40 to 40),R,CONU,15,32,G0,,,IZ LOCK ST OPT HOTEL,RPO,Incomplete,Pass,,,FLAT WK,0,MCGILL,40,IN,A,,4,GREEN CUTTER,
3,-6,OPENERS 2ND,7,4,2,1,10,1&10,40,Open Field (-40 to 40),R,CONU,15,32,G0,,PA 70,HITCH SCREEN WK,PERIMETER SCREEN,Complete,Pass,,,FLAT WK,9,UDM,40,TRIO,,,6,42,
4,-6,,11,3,1,2,3,2&3-6,19,Red Zone (20 to 11),R,CONU,15,32,G0,,,IZ LOCK ST OPT ZOOM,RPO,Penalty,Run,HOTEL ST (# & LEVERAGE),,,-5,SHER,NICKEL 30,STETSON,,MOB,5W,10,
3,-6,OPENERS 2ND,8,6,2,1,10,1&10,47,Open Field (-40 to 40),R,CONU,15,32,G0,2W LEAD,,IZ LOCK ST BLAST OPT SEATTLE,RPO,Incomplete,Pass,,,CURL WK,0,UDM,40,EVEN,,MOW,6,1,
2,-6,2 MIN,7,6,3,2,4,2&3-6,15,Red Zone (20 to 11),R,CONU,15,32,G0,1W ZIP,60 SOLID,"NASCAR Z-ZOOM, SCISSOR",DROPBACK,Interception,Pass,,,HOLE,0,UDM,40,STETSON,,,4,21 MAN,
2,-19,,5,11,5,2,5,2&3-6,12,Red Zone (20 to 11),R,CONU,15,32,G0,,60 SOLID,"FLORIDA SWITCH TRADE, JONES",DROPBACK,Incomplete,Pass,,,CURL ST,0,LVL,40,COWBOY,,MOB,6,0,
4,-9,,11,4,2,1,10,1&10,11,Red Zone (20 to 11),L,CONU,15,32,GS,,60 SOLID,"AUBURN SWITCH, FLORIDA-PIVOT",DROPBACK,Complete,Pass,,,HOOK WK,10,UDM,40,TRIO,,,3,36,
4,-18,,14,4,2,1,10,1&10,14,Red Zone (20 to 11),R,CONU,15,32,G0,,60 SLIDE STR,"ARROW, JONES",DROPBACK,Incomplete,Pass,,,DEEP 1/3 WK,0,MCGILL,40,IN,A,,4,GREEN CUTTER,
1,-4,,4,3,1,1,10,1&10,14,Red Zone (20 to 11),L,CONU,15,32,G0,,,OZ WK,RUN,,Run,HOTEL ST (# & LEVERAGE),,,8,MCGILL,40,JOKER,,,,SNIFF ROB,
1,7,,5,3,1,1,10,1&10,15,Red Zone (20 to 11),L,CONU,15,32,G0,,,IZ LOCK ST OPT ZOOM,RPO,Incomplete,Pass,HITCH SCREEN ST (#),,FLAT WK,0,SHER,40,STRONG,,MOW,6,0,
2,-19,,5,10,5,1,10,1&10,17,Red Zone (20 to 11),R,CONU,15,32,G0,,60 SLIDE STR,FLORIDA,QUICK,Complete,Pass,,,FLAT WK,5,LVL,40,STRONG,,SAW,6,0,
3,1,,9,4,2,1,10,1&10,48,Open Field (-40 to 40),R,CONU,15,32,GW,,60 SLIDE STR,"FLORIDA TRADE, JONES",DROPBACK,Complete,Pass,,,CURL WK,4,UDM,40,BANDIT,,ST/WK,5W,43,
3,-6,OPENERS 2ND,7,7,4,2,3,2&3-6,20,Red Zone (20 to 11),L,CONU,15,32 WIDE BUNCH ST,G0,,PA 60,"AUBURN, JONES",PA POCKET,Complete,Pass,,,SEAM WK,20,UDM,40,TRIO,,SAW,5S,1,
1,-10,,4,1,0,0,10,0&10,11,Red Zone (20 to 11),L,CONU,15,32,G0,,,OZ WK,RUN,,Run,BUBBLE SCREEN ST (#),,,3,MCGILL,40,GAP,SCREAM,,40,SNIFF,
4,-18,,14,5,2,2,10,2&7+,14,Red Zone (20 to 11),R,CONU,15,32,G0,,60 SLIDE WK,"SILVA, SCISSOR",DROPBACK,Incomplete,Pass,,,FLAT WK,0,MCGILL,30,BANDIT,,BUSTER,6,BLACK PEEL,
2,7,,5,4,1,2,10,2&7+,15,Red Zone (20 to 11),L,CONU,15,32,G0,,60 SOLID,"X DRIVE R, AUBURN",DROPBACK,Sack,Pass,,,,-4,SHER,NICKEL 40,OUT,"TAR, NQ",,4,44,
2,-3,,4,6,1,2,13,2&7+,13,Red Zone (20 to 11),R,CONU,15,32,GW,,60 SLIDE STR,"CHOPPER, DEEP SEATTLE",DROPBACK,Incomplete,Pass,,,POST,0,UDM,40,TRIO,,,6,42,
1,-7,,3,6,2,2,15,2&7+,18,Red Zone (20 to 11),L,CONU,15,41 3S FLEX,GW,,60 SOLID,"HOSS, RACE",DROPBACK,Sack,Pass,,,,-5,MCGILL,40,WILLY,,WILLY,5M,WILLY,
1,-7,,3,5,2,1,15,1&11+,18,Red Zone (20 to 11),L,CONU,15,32,GW,,60 SOLID,JONES,DROPBACK,Incomplete,Pass,,,DEEP 1/3 WK,0,MCGILL,40,GAP SWITCH,,,4,SNIFF ROB,
